Место;Название;Начало;Конец;Адрес;Возраст
1. Алтайский государственный краеведческий музей.; Открытие Всероссийской акции «Ночь музеев2022».;19:00;21:00;г.Барнаул,пр.Красноармейский,28,ул.Ползунова,39.;6
1. Алтайский государственный краеведческий музей.; Мастеркласс «Он красив на виднопредставьтеядовит» по изготовлению ландыша из фоамирана.;19:00;19:40;г.Барнаул,пр.Красноармейский,28,ул.Ползунова,39.;6
1. Алтайский государственный краеведческий музей.; Мастеркласс «Ожившая игрушка» в стиле «Богородская игрушка».;19:00;20:00;г.Барнаул,пр.Красноармейский,28,ул.Ползунова,39.;6
1. Алтайский государственный краеведческий музей.; Мастеркласс «Ожившая игрушка» в стиле «Богородская игрушка».;21:30;22:30;г.Барнаул,пр.Красноармейский,28,ул.Ползунова,39.;6
1. Алтайский государственный краеведческий музей.; Мастеркласс «Птичкилистикицветочки»  по домовой росписи от народного мастера Алтайского края Е.Леонтьевой.;19:00;21:00;г.Барнаул,пр.Красноармейский,28,ул.Ползунова,39.;6
1. Алтайский государственный краеведческий музей.; Мастеркласс «Шумелкамышь» по плетению из рогоза от народного мастера Алтайского края В.Волеговой.;19:00;21:00;г.Барнаул,пр.Красноармейский,28,ул.Ползунова,39.;6
1. Алтайский государственный краеведческий музей.; «ИГРОВЕСТ.Играем в настольную игру «Аналитикисследователь» (версии истории Колыванской вазы). ;20:00;20:40;г.Барнаул,пр.Красноармейский,28,ул.Ползунова,39.;6
1. Алтайский государственный краеведческий музей.; Интерактивная программа «Из России с любовью» по сборкеразборке автомата Калашникова.;20:30;21:00;г.Барнаул,пр.Красноармейский,28,ул.Ползунова,39.;6
1. Алтайский государственный краеведческий музей.; Музейная программа «Я REставратор».;21:30;22:00;г.Барнаул,пр.Красноармейский,28,ул.Ползунова,39.;6
1. Алтайский государственный краеведческий музей.; Игра в бирюльки для взрослых и детей.;21:30;22:00;г.Барнаул,пр.Красноармейский,28,ул.Ползунова,39.;6
1. Алтайский государственный краеведческий музей.; Настольная историческая игра «Хнефатафл» для взрослых и детей.;22:00;22:30;г.Барнаул,пр.Красноармейский,28,ул.Ползунова,39.;6
1. Алтайский государственный краеведческий музей.; Настольная историческая игра «Хнефатафл» для взрослых и детей.;0:30;1:00;г.Барнаул,пр.Красноармейский,28,ул.Ползунова,39.;6
1. Алтайский государственный краеведческий музей.; Познавательная программа «Заповедные озера Алтайского края» от клуба «Умная игротека» и национального парка «Салаир».;22:00;23:00;г.Барнаул,пр.Красноармейский,28,ул.Ползунова,39.;6
1. Алтайский государственный краеведческий музей.; Викторина «Уралосибирский компот».;22:30;23:00;г.Барнаул,пр.Красноармейский,28,ул.Ползунова,39.;6
1. Алтайский государственный краеведческий музей.; Викторина «Уралосибирский компот».;23:30;0:00;г.Барнаул,пр.Красноармейский,28,ул.Ползунова,39.;6
1. Алтайский государственный краеведческий музей.; Мастеркласс «Дедушка Носкоff» по накручиванию портянок.;22:30;23:00;г.Барнаул,пр.Красноармейский,28,ул.Ползунова,39.;6
1. Алтайский государственный краеведческий музей.; Квест «КоляВаня в Колывани».;23:00;23:20;г.Барнаул,пр.Красноармейский,28,ул.Ползунова,39.;6
1. Алтайский государственный краеведческий музей.; Мастеркласс «Штрихмазоквозник цветок» по созданию сувенира с урало-сибирской росписью.;23:00;0:00;г.Барнаул,пр.Красноармейский,28,ул.Ползунова,39.;6
1. Алтайский государственный краеведческий музей.; Мастеркласс «В них растворились краски звёзд» по изготовлению цветов из гофрированной бумаги.;23:00;0:00;г.Барнаул,пр.Красноармейский,28,ул.Ползунова,39.;6
1. Алтайский государственный краеведческий музей.; Миниэкскурсия «Шанель».;23:30;0:00;г.Барнаул,пр.Красноармейский,28,ул.Ползунова,39.;6
1. Алтайский государственный краеведческий музей.; Миниэкскурсия «Вода камень точит».;0:00;0:20;г.Барнаул,пр.Красноармейский,28,ул.Ползунова,39.;6
1. Алтайский государственный краеведческий музей.; Миниэкскурсия «Вода камень точит».;1:00;1:20;г.Барнаул,пр.Красноармейский,28,ул.Ползунова,39.;6
1. Алтайский государственный краеведческий музей.; Музейная программа «Анатомия тысячелетней патины».;0:30;1:00;г.Барнаул,пр.Красноармейский,28,ул.Ползунова,39.;6
1. Алтайский государственный краеведческий музей.; Миниэкскурсия «Есть у Алтая морские границы».;1:00;1:30;г.Барнаул,пр.Красноармейский,28,ул.Ползунова,39.;6
1. Алтайский государственный краеведческий музей.; Интерактивная программа «Улица широкая» (с участием студии народного пения «Пава» и фольклорного ансамбля «Голубеня» ООАК «Центр русской традиционной культуры «Утешная канарейка»).;19:00;19:40;г.Барнаул,пр.Красноармейский,28,ул.Ползунова,39.;6
1. Алтайский государственный краеведческий музей.; Показательные выступления центра фехтования «Sabre» с мастерклассом.;20:00;21:00;г.Барнаул,пр.Красноармейский,28,ул.Ползунова,39.;6
1. Алтайский государственный краеведческий музей.; Музейная программа «Сладости для радости: эндорфин побарнаульски».;19:00;19:20;г.Барнаул,пр.Красноармейский,28,ул.Ползунова,39.;6
1. Алтайский государственный краеведческий музей.; Музейная программа «Сладости для радости: эндорфин побарнаульски».;22:30;23:00;г.Барнаул,пр.Красноармейский,28,ул.Ползунова,39.;6
1. Алтайский государственный краеведческий музей.; Миниэкскурсия «В поисках сладкоежки» для детей с родителями.;19:00;19:20;г.Барнаул,пр.Красноармейский,28,ул.Ползунова,39.;6
1. Алтайский государственный краеведческий музей.; Мастеркласс «Традиционное ручное ткачество».;19:00;20:00;г.Барнаул,пр.Красноармейский,28,ул.Ползунова,39.;6
1. Алтайский государственный краеведческий музей.; Интерактивная программа «От народной игрушки до современных гаджетов» студии инженериипрограммированияробототехники и 3Dмоделирования «STEMцентр».;19:00;21:00;г.Барнаул,пр.Красноармейский,28,ул.Ползунова,39.;6
1. Алтайский государственный краеведческий музей.; Ходилкабродилка «Жилбыл купец» для юных посетителей.;19:00;22:00;г.Барнаул,пр.Красноармейский,28,ул.Ползунова,39.;6
1. Алтайский государственный краеведческий музей.; Квест по музею «Музейная круговерть».;19:00;1:00;г.Барнаул,пр.Красноармейский,28,ул.Ползунова,39.;6
1. Алтайский государственный краеведческий музей.; Квест по музею «В поисках затерянного послания».;19:00;1:00;г.Барнаул,пр.Красноармейский,28,ул.Ползунова,39.;6
1. Алтайский государственный краеведческий музей.; Познавательная программа «Менделеев на Алтае».;19:30;19:50;г.Барнаул,пр.Красноармейский,28,ул.Ползунова,39.;6
1. Алтайский государственный краеведческий музей.; Миниэкскурсия «Тайные послания из прошлого: знаки и образы в археологии».;20:00;20:20;г.Барнаул,пр.Красноармейский,28,ул.Ползунова,39.;6
1. Алтайский государственный краеведческий музей.; Миниэкскурсия «В гостях у купца Зубова».;20:00;20:30;г.Барнаул,пр.Красноармейский,28,ул.Ползунова,39.;6
1. Алтайский государственный краеведческий музей.; Викторина «Алтайские ТОПонимы».;20:00;20:30;г.Барнаул,пр.Красноармейский,28,ул.Ползунова,39.;6
1. Алтайский государственный краеведческий музей.; Викторина «Алтайские ТОПонимы».;23:00;23:30;г.Барнаул,пр.Красноармейский,28,ул.Ползунова,39.;6
1. Алтайский государственный краеведческий музей.; Мастеркласс «Традиционная тряпичная куклаДесятиручка».;20:00;21:00;г.Барнаул,пр.Красноармейский,28,ул.Ползунова,39.;6
1. Алтайский государственный краеведческий музей.; Миниэкскурсия «ФОКУС: Глядимно не видим».;21:00;21:20;г.Барнаул,пр.Красноармейский,28,ул.Ползунова,39.;6
1. Алтайский государственный краеведческий музей.; Миниэкскурсия «Два поршня и котел».;21:00;21:20;г.Барнаул,пр.Красноармейский,28,ул.Ползунова,39.;6
1. Алтайский государственный краеведческий музей.; Мастеркласс «Калужская узловая» по изготовлению тряпичной куклы от мастера народной куклы Е.Вольф.;21:00;22:00;г.Барнаул,пр.Красноармейский,28,ул.Ползунова,39.;6
1. Алтайский государственный краеведческий музей.; Музейная программа «ВГТРК в музее: по ту сторону камеры».;21:30;22:00;г.Барнаул,пр.Красноармейский,28,ул.Ползунова,39.;6
1. Алтайский государственный краеведческий музей.; Миниэкскурсия «Война и мир кочевников Алтая».;22:00;22:20;г.Барнаул,пр.Красноармейский,28,ул.Ползунова,39.;6
1. Алтайский государственный краеведческий музей.; Миниэкскурсия «Война и мир кочевников Алтая».;0:00;0:20;г.Барнаул,пр.Красноармейский,28,ул.Ползунова,39.;6
1. Алтайский государственный краеведческий музей.; Миниэкскурсия «Рельсы-рельсышпалы-шпалы».;22:00;22:20;г.Барнаул,пр.Красноармейский,28,ул.Ползунова,39.;6
1. Алтайский государственный краеведческий музей.; Миниэкскурсия «Рельсы-рельсышпалы-шпалы».;0:00;0:20;г.Барнаул,пр.Красноармейский,28,ул.Ползунова,39.;6
1. Алтайский государственный краеведческий музей.; Миниэкскурсия «Просыпается мир на заре».;23:00;23:20;г.Барнаул,пр.Красноармейский,28,ул.Ползунова,39.;6
1. Алтайский государственный краеведческий музей.; Мастеркласс «Фенькоплёт» по изготовлению тканой фенечки.;23:30;0:30;г.Барнаул,пр.Красноармейский,28,ул.Ползунова,39.;6
1. Алтайский государственный краеведческий музей.; Миниэкскурсия «Кваслимонад и не только…».;0:00;0:30;г.Барнаул,пр.Красноармейский,28,ул.Ползунова,39.;6
1. Алтайский государственный краеведческий музей.; Стрельба из луков и арбалетов (ул.Ползунова46а).;17:00;23:00;г.Барнаул,пр.Красноармейский,28,ул.Ползунова,39.;6
1. Алтайский государственный краеведческий музей.; Фотовидеосъёмка в залах музея.;19:00;2:00;г.Барнаул,пр.Красноармейский,28,ул.Ползунова,39.;6
2. Государственный художественный музей Алтайского края.; Стритартперформанс от Насти Petra.;19:00;22:00;г.Барнаул,ул.Советская,28 (пересечение ул.Советская-пл.Октября).;6
2. Государственный художественный музей Алтайского края.; Маркет у музея.Продажа изделий локальных брендовбарнаульских мастеровхудожников и иллюстраторов.;19:00;22:00;г.Барнаул,ул.Советская,28 (пересечение ул.Советская-пл.Октября).;6
2. Государственный художественный музей Алтайского края.; Кофейная станция от «RENOIR COFFEE».;19:00;22:00;г.Барнаул,ул.Советская,28 (пересечение ул.Советская-пл.Октября).;6
2. Государственный художественный музей Алтайского края.; Выставка «Сделано в России» из фондов музея.;19:00;2:00;г.Барнаул,ул.Советская,28 (пересечение ул.Советская-пл.Октября).;6
2. Государственный художественный музей Алтайского края.; Выставка «Сказка» из фондов музея.;19:00;2:00;г.Барнаул,ул.Советская,28 (пересечение ул.Советская-пл.Октября).;6
2. Государственный художественный музей Алтайского края.; Выставка «Наши ветераны» из фондов музея и семейных коллекций.;19:00;2:00;г.Барнаул,ул.Советская,28 (пересечение ул.Советская-пл.Октября).;6
2. Государственный художественный музей Алтайского края.; Минивыставка «Тканые письмена» из фондов музеяк Году культурного наследия народов России.;19:00;2:00;г.Барнаул,ул.Советская,28 (пересечение ул.Советская-пл.Октября).;6
2. Государственный художественный музей Алтайского края.; Выставка «Секреты старинных книг» из фондов музея.;19:00;2:00;г.Барнаул,ул.Советская,28 (пересечение ул.Советская-пл.Октября).;6
2. Государственный художественный музей Алтайского края.; Выставка «Притяжение города» Д.Октября.;19:00;2:00;г.Барнаул,ул.Советская,28 (пересечение ул.Советская-пл.Октября).;6
2. Государственный художественный музей Алтайского края.; Выставка «50x50» Р.Рыбальченко.;19:00;2:00;г.Барнаул,ул.Советская,28 (пересечение ул.Советская-пл.Октября).;6
2. Государственный художественный музей Алтайского края.; «Фотосушка «С наспортретс васпейзаж».;19:00;22:00;г.Барнаул,ул.Советская,28 (пересечение ул.Советская-пл.Октября).;6
2. Государственный художественный музей Алтайского края.; Дегустация безалкогольных напитков Барнаульского пивоваренного завода.;20:00;22:00;г.Барнаул,ул.Советская,28 (пересечение ул.Советская-пл.Октября).;6
2. Государственный художественный музей Алтайского края.; Мастеркласс «Черным по белому» Д.Октября.;20:00;21:00;г.Барнаул,ул.Советская,28 (пересечение ул.Советская-пл.Октября).;6
2. Государственный художественный музей Алтайского края.; Мастерклассы «И под пивои под чай» по росписи бирдекелей на основе традиционных стилей.;19:00;20:30;г.Барнаул,ул.Советская,28 (пересечение ул.Советская-пл.Октября).;6
2. Государственный художественный музей Алтайского края.; Мастеркласс «Чичковские коврики» от семейной мастерской Калашниковых.;20:30;0:00;г.Барнаул,ул.Советская,28 (пересечение ул.Советская-пл.Октября).;6
2. Государственный художественный музей Алтайского края.; Мастеркласс «Под покровом» по повязыванию женского головного убора.;21:30;22:30;г.Барнаул,ул.Советская,28 (пересечение ул.Советская-пл.Октября).;6
2. Государственный художественный музей Алтайского края.; Мастеркласс «Мой шелковый поясок» по плетению поясочка «на пальцах».;21:30;22:30;г.Барнаул,ул.Советская,28 (пересечение ул.Советская-пл.Октября).;6
2. Государственный художественный музей Алтайского края.; Мастерклассы «И под пивои под чай» по росписи бирдекелей на основе традиционных стилей.;23:30;24:00:00;г.Барнаул,ул.Советская,28 (пересечение ул.Советская-пл.Октября).;6
2. Государственный художественный музей Алтайского края.; Игры Русского музея (квестыпазлы).;19:00;2:00;г.Барнаул,ул.Советская,28 (пересечение ул.Советская-пл.Октября).;6
2. Государственный художественный музей Алтайского края.; Интерактивные программы Русского музея.;19:00;2:00;г.Барнаул,ул.Советская,28 (пересечение ул.Советская-пл.Октября).;6
2. Государственный художественный музей Алтайского края.; «Собери картину любимого музея» (пазлы Художественного музея).;19:00;2:00;г.Барнаул,ул.Советская,28 (пересечение ул.Советская-пл.Октября).;6
2. Государственный художественный музей Алтайского края.; Пешеходная экскурсия по ул.МалоТобольской от Старого базара до ул.М.Горького.;18:40;19:00;г.Барнаул,ул.Советская,28 (пересечение ул.Советская-пл.Октября).;6
2. Государственный художественный музей Алтайского края.; Квест-игра «Спрятано в музее».К Году культурного наследия народов России.;19:00;20:00;г.Барнаул,ул.Советская,28 (пересечение ул.Советская-пл.Октября).;6
2. Государственный художественный музей Алтайского края.; Квест-игра «Спрятано в музее».К Году культурного наследия народов России.;21:00;21:30;г.Барнаул,ул.Советская,28 (пересечение ул.Советская-пл.Октября).;6
2. Государственный художественный музей Алтайского края.; Квест-игра «Спрятано в музее».К Году культурного наследия народов России.;22:30;23:00;г.Барнаул,ул.Советская,28 (пересечение ул.Советская-пл.Октября).;6
2. Государственный художественный музей Алтайского края.; Торжественное открытие выставки «Секреты старинных книг» из фондов музея.;19:00;19:30;г.Барнаул,ул.Советская,28 (пересечение ул.Советская-пл.Октября).;6
2. Государственный художественный музей Алтайского края.; Народные гуляния на усадьбе «От Пасхи до Троицы».;19:00;19:30;г.Барнаул,ул.Советская,28 (пересечение ул.Советская-пл.Октября).;6
2. Государственный художественный музей Алтайского края.; Культурнопросветительская программа «Знакомство с древней книгой».;19:30;20:00;г.Барнаул,ул.Советская,28 (пересечение ул.Советская-пл.Октября).;6
2. Государственный художественный музей Алтайского края.; Лекция «По одежке встречают».К Году культурного наследия народов России.;20:00;21:00;г.Барнаул,ул.Советская,28 (пересечение ул.Советская-пл.Октября).;6
2. Государственный художественный музей Алтайского края.; Мультимедийная игравикторина «Рожденные в СССР».К 100летию СССР.;20:30;21:30;г.Барнаул,ул.Советская,28 (пересечение ул.Советская-пл.Октября).;6
2. Государственный художественный музей Алтайского края.; Экскурсия «Тайна одного особняка».;20:30;21:00;г.Барнаул,ул.Советская,28 (пересечение ул.Советская-пл.Октября).;6
2. Государственный художественный музей Алтайского края.; Лекция «Использование фотографии в живописи: pro и contra.Исторические прецеденты».;21:30;22:30;г.Барнаул,ул.Советская,28 (пересечение ул.Советская-пл.Октября).;6
2. Государственный художественный музей Алтайского края.; Экскурсия «Тайна одного особняка».;22:00;22:30;г.Барнаул,ул.Советская,28 (пересечение ул.Советская-пл.Октября).;6
2. Государственный художественный музей Алтайского края.; Лекция «Пиво в искусстве».К 100летию СССР.;23:00;24:00:00;г.Барнаул,ул.Советская,28 (пересечение ул.Советская-пл.Октября).;6
2. Государственный художественный музей Алтайского края.; Кураторская экскурсия по выставке «Притяжение города» Д.Октября.;23:00;24:00:00;г.Барнаул,ул.Советская,28 (пересечение ул.Советская-пл.Октября).;6
2. Государственный художественный музей Алтайского края.; Концерт «Прислушайся к живописи» гитаристов Романа Сопова и Анастасии Полецкой.;19:00;19:30;г.Барнаул,ул.Советская,28 (пересечение ул.Советская-пл.Октября).;6
2. Государственный художественный музей Алтайского края.; Виниловая прослушка от Антона Смолякова.;21:00;23:00;г.Барнаул,ул.Советская,28 (пересечение ул.Советская-пл.Октября).;6
2. Государственный художественный музей Алтайского края.; Музейный квартирник.К 100летию СССР.;0:00;2:00;г.Барнаул,ул.Советская,28 (пересечение ул.Советская-пл.Октября).;6
2. Государственный художественный музей Алтайского края.; «Я рожден в Советском Союзесделан я в СССР».;19:00;2:00;г.Барнаул,ул.Советская,28 (пересечение ул.Советская-пл.Октября).;6
2. Государственный художественный музей Алтайского края.; «Про любовь к прекрасному».;19:00;2:00;г.Барнаул,ул.Советская,28 (пересечение ул.Советская-пл.Октября).;6
3. Государственный музей истории литературы,искусства и культуры Алтая.; Открытие музейной программы «Ночь музеев2022 в ГМИЛИКА» с запуском на музейной усадьбе белых спортивных голубей: «Голубиный салют» от питомника отечественных пород голубей при Алтайском краевом детском экологическом центре .;19:00;19:20;г.Барнаул,ул.Л.Толстого,2 (пересечение ул.Л.Толстого и пр.Комсомольский).;6
3. Государственный музей истории литературы,искусства и культуры Алтая.; Театрализованный показ моделей «Традиции и современность» с вокальнохореографическими номерами образцовых коллективов Алтаяшколы моды «Светлана» (руководитель-С.Петрягина) и вокально-хореографической студии «Маленькая страна» (руководитель-Н.Селеверстова).;19:30;20:00;г.Барнаул,ул.Л.Толстого,2 (пересечение ул.Л.Толстого и пр.Комсомольский).;6
3. Государственный музей истории литературы,искусства и культуры Алтая.; Фестиваль полезных продуктов #GOODLAKT от АО «Барнаульский молочный комбинат»: Дегустационная площадкаигротека.;19:20;22:00;г.Барнаул,ул.Л.Толстого,2 (пересечение ул.Л.Толстого и пр.Комсомольский).;6
3. Государственный музей истории литературы,искусства и культуры Алтая.; 100 лет образования СССР: Радиотрансляция на музейной усадьбе «В эфиресоветские песни 19301980-хх годов».;19:20;22:00;г.Барнаул,ул.Л.Толстого,2 (пересечение ул.Л.Толстого и пр.Комсомольский).;6
3. Государственный музей истории литературы,искусства и культуры Алтая.; «Год культурного наследия народов России»: Хороводноигровая программа на музейной усадьбе «Русские вечерки» творческого объединения «Куклы Берегини»ведущаяМ.Гарагулина (проводится при условии хорошей погоды).;20:00;20:30;г.Барнаул,ул.Л.Толстого,2 (пересечение ул.Л.Толстого и пр.Комсомольский).;6
3. Государственный музей истории литературы,искусства и культуры Алтая.; 475 лет канонизации святых благоверных Петра и Февронии Муромских: Просветительная программа «Любовьживущая в веках».;20:00;20:50;г.Барнаул,ул.Л.Толстого,2 (пересечение ул.Л.Толстого и пр.Комсомольский).;6
3. Государственный музей истории литературы,искусства и культуры Алтая.; 77 лет Победы в Великой Отечественной войне 19411945 гг.: Просветительная программа «Музы не молчали.Из истории культуры Алтая в годы Великой Отечественной войны» (Московский Камерный театр А.ТаироваГ.СвиридовК.ПаустовскийВ.Шершеневич и др.);21:00;22:00;г.Барнаул,ул.Л.Толстого,2 (пересечение ул.Л.Толстого и пр.Комсомольский).;6
3. Государственный музей истории литературы,искусства и культуры Алтая.; «Год культурного наследия народов России»: Кинопоказ анимационных фильмов по мотивам алтайского фольклора «Небесный дар» (реж.Т.МукановаМендошева«Казахфильм»).;21:00;22:00;г.Барнаул,ул.Л.Толстого,2 (пересечение ул.Л.Толстого и пр.Комсомольский).;6
3. Государственный музей истории литературы,искусства и культуры Алтая.; 90 лет со дня рождения Р.И.Рождественского: Просветительная программа «Радиус действия.Жизнь и творчество советского поэта Р.И.Рождественского».;22:00;22:50;г.Барнаул,ул.Л.Толстого,2 (пересечение ул.Л.Толстого и пр.Комсомольский).;6
3. Государственный музей истории литературы,искусства и культуры Алтая.; 220 лет строительства Колыванской шлифовальной фабрики: Экскурсия «Колывань камнерезная».;22:00;22:50;г.Барнаул,ул.Л.Толстого,2 (пересечение ул.Л.Толстого и пр.Комсомольский).;6
3. Государственный музей истории литературы,искусства и культуры Алтая.; Интерактивная программа«Как рождается спектакль»  для школьников среднего возраста и семейной аудитории.;22:00;22:50;г.Барнаул,ул.Л.Толстого,2 (пересечение ул.Л.Толстого и пр.Комсомольский).;6
3. Государственный музей истории литературы,искусства и культуры Алтая.; «Год культурного наследия народов России»: Просветительная программа «Алтай.Напевы древних гор».;22:00;22:50;г.Барнаул,ул.Л.Толстого,2 (пересечение ул.Л.Толстого и пр.Комсомольский).;6
3. Государственный музей истории литературы,искусства и культуры Алтая.; Театральные чтения «Семейное чтение за круглым столом.Рассказы Надежды Тэффи для взрослых и детей».Ведущие мастера сцены Молодежного театра Алтая им.В.С.Золотухина: заслуженная артистка РФ Галина Чумакова и лауреат премии Алтайского края в области литературыискусстваархитектуры и народного творчества Любовь Хотиева.;22:00;22:50;г.Барнаул,ул.Л.Толстого,2 (пересечение ул.Л.Толстого и пр.Комсомольский).;6
3. Государственный музей истории литературы,искусства и культуры Алтая.; Экскурсияобзор «Вся жизньслужение театру.По страницам театральной истории Барнаула 1920-1980-х гг.»посвященная театральным юбилеям 2022 года.;23:00;23:50;г.Барнаул,ул.Л.Толстого,2 (пересечение ул.Л.Толстого и пр.Комсомольский).;6
3. Государственный музей истории литературы,искусства и культуры Алтая.; 835 лет создания и 220 лет первого печатного издания поэмы «Слово о полку Игореве»: Просветительная программа «Переводы «Слова о полку Игореве» и Алтай.Николай ЗаболоцкийГеннадий Панов».;23:00;23:50;г.Барнаул,ул.Л.Толстого,2 (пересечение ул.Л.Толстого и пр.Комсомольский).;6
3. Государственный музей истории литературы,искусства и культуры Алтая.; «Год культурного наследия народов России»: Документальный кинопоказ «Влюбленные в ремесло».Фильмы о народных мастерах Алтайского края Викторе РомановеАлександре МартыновеВикторе ЗамятинеТатьяне Козыревой,Александре Епифанцеве» («Алтайкиноцентр»,20122013).;23:00;0:30;г.Барнаул,ул.Л.Толстого,2 (пересечение ул.Л.Толстого и пр.Комсомольский).;6
3. Государственный музей истории литературы,искусства и культуры Алтая.; 77 лет Победы в Великой Отечественной войне 19411945 гг.: Просветительная;0:00;0:50;г.Барнаул,ул.Л.Толстого,2 (пересечение ул.Л.Толстого и пр.Комсомольский).;6
3. Государственный музей истории литературы,искусства и культуры Алтая.; 835 лет создания и 220 лет первого печатного издания поэмы «Слово о полку Игореве»: Экскурсия «Из истории русских рукописных и старопечатных книг».;0:00;0:50;г.Барнаул,ул.Л.Толстого,2 (пересечение ул.Л.Толстого и пр.Комсомольский).;6
3. Государственный музей истории литературы,искусства и культуры Алтая.; 100 лет члену Союза писателей СССРизвестному алтайскому писателю Л.И.Квину: Просветительная программа «Алтайский писатель Лев Квин».;1:00;1:45;г.Барнаул,ул.Л.Толстого,2 (пересечение ул.Л.Толстого и пр.Комсомольский).;6
3. Государственный музей истории литературы,искусства и культуры Алтая.; 85 лет образования Алтайского края: Экскурсия «Алтайвеличайшее имение в свете.Из истории культуры Алтайского горного округа XVIIIначала XX вв.».;1:00;1:45;г.Барнаул,ул.Л.Толстого,2 (пересечение ул.Л.Толстого и пр.Комсомольский).;6
3. Государственный музей истории литературы,искусства и культуры Алтая.; 85 лет образования Алтайского края: Музыкальнопоэтическая композиция «Стихами воспоём Алтай».Выступают поэты и прозаикичлены общественной Алтайской краевой писательской организации Союза писателей России.;19:20;19:55;г.Барнаул,ул.Л.Толстого,2 (пересечение ул.Л.Толстого и пр.Комсомольский).;6
3. Государственный музей истории литературы,искусства и культуры Алтая.; Концертная программа «Музыка весны» с участием студентов и магистрантов музыкального факультета Алтайского государственного института культуры.;20:00;20:45;г.Барнаул,ул.Л.Толстого,2 (пересечение ул.Л.Толстого и пр.Комсомольский).;6
3. Государственный музей истории литературы,искусства и культуры Алтая.; Концертная программа «Пой о томкак я в Россию влюблен…» с участием студентов 3 режиссерского курса кафедры театральной режиссуры и актёрского мастерства Алтайского государственного института культуры (художественный руководитель Г.Старковпедагог по вокалу Е.Бельская).;21:00;21:50;г.Барнаул,ул.Л.Толстого,2 (пересечение ул.Л.Толстого и пр.Комсомольский).;6
3. Государственный музей истории литературы,искусства и культуры Алтая.; Творческая встреча с поэтомчленом Союза художников России Виолеттой Метелицей «Метелица в мае» с участием лауреата российских и международных конкурсов Евгения Зулина (гитара).;22:00;22:50;г.Барнаул,ул.Л.Толстого,2 (пересечение ул.Л.Толстого и пр.Комсомольский).;6
3. Государственный музей истории литературы,искусства и культуры Алтая.; «Год культурного наследия народов России»: Концертная программа «Национальная;23:00;23:50;г.Барнаул,ул.Л.Толстого,2 (пересечение ул.Л.Толстого и пр.Комсомольский).;6
3. Государственный музей истории литературы,искусства и культуры Алтая.; «Полуночный» концерт: Концертная программа «Чарующие звуки клавесина» из одноименного авторского цикла члена Алтайского отделения Союза композиторов Россиизаслуженного деятеля Всероссийского музыкального общества Михаила Стюхина.;0:00;1:00;г.Барнаул,ул.Л.Толстого,2 (пересечение ул.Л.Толстого и пр.Комсомольский).;6
3. Государственный музей истории литературы,искусства и культуры Алтая.; Интерактивная просветительная программа «По заповедным тропам» государственного природного заповедника «Тигирекский»Клуба его друзей «Природоград» и национального парка «Салаир».;19:20;21:00;г.Барнаул,ул.Л.Толстого,2 (пересечение ул.Л.Толстого и пр.Комсомольский).;6
3. Государственный музей истории литературы,искусства и культуры Алтая.; Познавательноинтерактивная программа Алтайского краевого детского экологического Центра «Голуби Алтая» в рамках гранта «Сохраним алтайские породы голубей» Фонда президентских грантов.;19:20;21:00;г.Барнаул,ул.Л.Толстого,2 (пересечение ул.Л.Толстого и пр.Комсомольский).;6
3. Государственный музей истории литературы,искусства и культуры Алтая.; 100 лет образования СССР: Интерактивная программа «Пятнадцать республикпятнадцать сестер» с изготовлением браслета.;19:20;20:00;г.Барнаул,ул.Л.Толстого,2 (пересечение ул.Л.Толстого и пр.Комсомольский).;6
3. Государственный музей истории литературы,искусства и культуры Алтая.; Интерактивная площадка «Когда километры не важны» Клуба филокартистов «100 имен.Встречи с интересными людьми» (рассказ о посткроссингевикторинарозыгрыш призовмастеркласс,отправка почтовых открыток).;19:20;21:00;г.Барнаул,ул.Л.Толстого,2 (пересечение ул.Л.Толстого и пр.Комсомольский).;6
3. Государственный музей истории литературы,искусства и культуры Алтая.; «Год культурного наследия народов России»: Мастеркласс «Эффектные цветыпросто и быстро.Роспись двойным мазком» народного мастера Алтайского края Тамары Наговицыной.;19:20;21:00;г.Барнаул,ул.Л.Толстого,2 (пересечение ул.Л.Толстого и пр.Комсомольский).;6
3. Государственный музей истории литературы,искусства и культуры Алтая.; Мастеркласс «Азы контурной и скульптурной резьбы по дереву» народного мастера Алтайского края Сергея Мозгового.;19:20;21:00;г.Барнаул,ул.Л.Толстого,2 (пересечение ул.Л.Толстого и пр.Комсомольский).;6
3. Государственный музей истории литературы,искусства и культуры Алтая.; Мастеркласс «Своими руками» по изготовлению кожаного браслета;19:20;22:00;г.Барнаул,ул.Л.Толстого,2 (пересечение ул.Л.Толстого и пр.Комсомольский).;6
3. Государственный музей истории литературы,искусства и культуры Алтая.; Мастеркласс «Подорожница» по изготовлению русской обрядовой куклы;19:20;0:00;г.Барнаул,ул.Л.Толстого,2 (пересечение ул.Л.Толстого и пр.Комсомольский).;6
3. Государственный музей истории литературы,искусства и культуры Алтая.; Мастеркласс «Символ годаТигр» по изготовлению игрушки из текстиля;19:20;1:00;г.Барнаул,ул.Л.Толстого,2 (пересечение ул.Л.Толстого и пр.Комсомольский).;6
3. Государственный музей истории литературы,искусства и культуры Алтая.; «Год культурного наследия народов России»: Мастеркласс «Символика и орнаменты в традиционной мезенской росписи»;20:00;21:00;г.Барнаул,ул.Л.Толстого,2 (пересечение ул.Л.Толстого и пр.Комсомольский).;6
3. Государственный музей истории литературы,искусства и культуры Алтая.; «Год культурного наследия народов России»: Мастеркласс «Традиционное ручное;20:00;21:00;г.Барнаул,ул.Л.Толстого,2 (пересечение ул.Л.Толстого и пр.Комсомольский).;6
3. Государственный музей истории литературы,искусства и культуры Алтая.; «Год культурного наследия народов России»: Мастеркласс «Традиционная тряпичная куклаКормилица»;21:00;22:00;г.Барнаул,ул.Л.Толстого,2 (пересечение ул.Л.Толстого и пр.Комсомольский).;6
3. Государственный музей истории литературы,искусства и культуры Алтая.; «Год культурного наследия народов России»: Просветительная программа «Старомодный приговор» творческого объединения «Куклы Берегини» (руководитель Л.И.Усольцеваг.Бийск).19.3021.00 ч.Демонстрация ткачества и фотозона.;21:00;22:00;г.Барнаул,ул.Л.Толстого,2 (пересечение ул.Л.Толстого и пр.Комсомольский).;6
3. Государственный музей истории литературы,искусства и культуры Алтая.; Мастеркласс «Ажурное кружево.Художественная вырезка из бумаги».;23:00;0:00;г.Барнаул,ул.Л.Толстого,2 (пересечение ул.Л.Толстого и пр.Комсомольский).;6
3. Государственный музей истории литературы,искусства и культуры Алтая.; Мастеркласс «Птица счастья» по изготовлению русской традиционной тряпичной куклы.;0:00;1:00;г.Барнаул,ул.Л.Толстого,2 (пересечение ул.Л.Толстого и пр.Комсомольский).;6
3. Государственный музей истории литературы,искусства и культуры Алтая.; 85 лет образования Алтайского края: Пешеходная экскурсия по улице Л.Толстого «История одной улицы.Большая ТобольскаяЛьва Толстого» (с площадки Церемонии открытия краевой акции на ул.МалоТобольская до усадьбы музея;18:45;19:00;г.Барнаул,ул.Л.Толстого,2 (пересечение ул.Л.Толстого и пр.Комсомольский).;6
3. Государственный музей истории литературы,искусства и культуры Алтая.; Квест «Двенадцать стульев».;19:20;0:00;г.Барнаул,ул.Л.Толстого,2 (пересечение ул.Л.Толстого и пр.Комсомольский).;6
3. Государственный музей истории литературы,искусства и культуры Алтая.; 90 лет со дня рождения Р.И.Рождественского: Головоломки со словами  «Литературные игры по стихам Р.И.Рождественского».;21:00;21:50;г.Барнаул,ул.Л.Толстого,2 (пересечение ул.Л.Толстого и пр.Комсомольский).;6
3. Государственный музей истории литературы,искусства и культуры Алтая.; Квест для интеллектуалов «Музейная бродилка».;21:00;23:00;г.Барнаул,ул.Л.Толстого,2 (пересечение ул.Л.Толстого и пр.Комсомольский).;6
3. Государственный музей истории литературы,искусства и культуры Алтая.; Играпутаница «Переполох в музее».;23:00;0:00;г.Барнаул,ул.Л.Толстого,2 (пересечение ул.Л.Толстого и пр.Комсомольский).;6
3. Государственный музей истории литературы,искусства и культуры Алтая.; Викторина «Сердце сердцу весть подает» о жизни и творчестве художникаученогопутешественникаобщественного деятеля Н.К.Рериха.;0:00;0:50;г.Барнаул,ул.Л.Толстого,2 (пересечение ул.Л.Толстого и пр.Комсомольский).;6
3. Государственный музей истории литературы,искусства и культуры Алтая.; 100 лет основания Всесоюзной пионерской организации имени В.И.Ленина: Площадка юных художников.Игровая просветительная программа для детей младшего возраста «Взвейтесь кострамисиние ночи! Мы пионеры …».;19:20;20:50;г.Барнаул,ул.Л.Толстого,2 (пересечение ул.Л.Толстого и пр.Комсомольский).;6
3. Государственный музей истории литературы,искусства и культуры Алтая.; «Год культурного наследия народов России»: Просветительная программа «Алтайовеянный легендами» для детей младшего и среднего школьного возраста.;20:00;20:50;г.Барнаул,ул.Л.Толстого,2 (пересечение ул.Л.Толстого и пр.Комсомольский).;6
3. Государственный музей истории литературы,искусства и культуры Алтая.; «Год культурного наследия народов России»: Мастеркласс «Матрешка»  по росписи от студии выездных мастерклассов «Творческие люди» (руководитель Ю.Червякова).;21:30;22:30;г.Барнаул,ул.Л.Толстого,2 (пересечение ул.Л.Толстого и пр.Комсомольский).;6
3. Государственный музей истории литературы,искусства и культуры Алтая.; Благотворительная фотосессия с животными приюта для бездомных собак и кошек «Ласка» г.Барнаула.;19:20;22:00;г.Барнаул,ул.Л.Толстого,2 (пересечение ул.Л.Толстого и пр.Комсомольский).;6
3. Государственный музей истории литературы,искусства и культуры Алтая.; Интерактивное шоу «Чеканка сувенирных монет с символикой ГМИЛИКА» с участие мастеракузнеца «Монетного аттракциона».;19:20;22:00;г.Барнаул,ул.Л.Толстого,2 (пересечение ул.Л.Толстого и пр.Комсомольский).;6
4. Музей «Город».; Пешеходная экскурсия «Когда проспекта еще не было» от ул.МалоТобольской до ул.Л.Толстого.;18:45;19:00;г.Барнаул,пр.Ленина,4 ,Толстого,24.;6
4. Музей «Город».; Открытие акции «Ночь музеев2022» на улице у главного входа на ул.Л.Толстого24.;19:00;20:00;г.Барнаул,пр.Ленина,4 ,Толстого,24.;6
4. Музей «Город».; Выступление вокалистов школы «Мотив».Худ.рук.Своеволина Е.С.;19:00;19:15;г.Барнаул,пр.Ленина,4 ,Толстого,24.;6
4. Музей «Город».; Работа выставки «Под вечным небом» художника Антона Кондакова.;19:00;2:00;г.Барнаул,пр.Ленина,4 ,Толстого,24.;6
4. Музей «Город».; Работа тематических фотозон «Окунись в прошлое».;19:00;2:00;г.Барнаул,пр.Ленина,4 ,Толстого,24.;6
4. Музей «Город».; Выставка Легороботов.«Центр детских инноваций НЕКСТ».;19:00;1:00;г.Барнаул,пр.Ленина,4 ,Толстого,24.;6
4. Музей «Город».; Выступление ансамбля современного танца «Психея» Алтайского государственного педагогического университета и танцевальной студии «Кекsы».Рук.Баловнева И.С.;19:15;19:30;г.Барнаул,пр.Ленина,4 ,Толстого,24.;6
4. Музей «Город».; Показательное выступление Союза Киокушин Карате Россиишкола карате «Аркуда Додзе».;19:30;19:45;г.Барнаул,пр.Ленина,4 ,Толстого,24.;6
4. Музей «Город».; Выступление «Былое не забыто» театральноисторической студии Школы №53.;19:30;20:00;г.Барнаул,пр.Ленина,4 ,Толстого,24.;6
4. Музей «Город».; Открытие выставки «Под вечным небом» и экскурсия от художника Антона Кондакова.;19:30;20:00;г.Барнаул,пр.Ленина,4 ,Толстого,24.;6
4. Музей «Город».; «Музыкальный вернисаж».Барнаульская детская музыкальная школа №2худ.рук.Байдукова Н.И.;19:30;20:30;г.Барнаул,пр.Ленина,4 ,Толстого,24.;6
4. Музей «Город».; Театр теней «Сказочные тени».;19:30;20:30;г.Барнаул,пр.Ленина,4 ,Толстого,24.;6
4. Музей «Город».; Мастеркласс «Сувенир в технике стайрофоминг.Русский национальный костюм».Детская школа дизайна «Жираф».;19:30;20:30;г.Барнаул,пр.Ленина,4 ,Толстого,24.;6
4. Музей «Город».; Показательные выступления Алтайского техникума кинологии и предпринимательства.;19:45;20:00;г.Барнаул,пр.Ленина,4 ,Толстого,24.;6
4. Музей «Город».; Робосумо.«Центр детских инноваций НЕКСТ».;20:00;20:20;г.Барнаул,пр.Ленина,4 ,Толстого,24.;6
4. Музей «Город».; Мастеркласс по робототехнике «Космическое путешествие».«Центр детских инноваций НЕКСТ».;20:00;20:30;г.Барнаул,пр.Ленина,4 ,Толстого,24.;6
4. Музей «Город».; Мастеркласс «Чудики в свитере».;20:00;21:00;г.Барнаул,пр.Ленина,4 ,Толстого,24.;6
4. Музей «Город».; Мастеркласс «Разбуди фантазию» по росписи по ткани.;20:00;21:00;г.Барнаул,пр.Ленина,4 ,Толстого,24.;6
4. Музей «Город».; Академия успешных детей БэбиУммастеркласс «Магическое видео».;20:00;21:00;г.Барнаул,пр.Ленина,4 ,Толстого,24.;6
4. Музей «Город».; Мастеркласс «Акварельный рисунок» от художника Антона Кондакова.;20:00;21:00;г.Барнаул,пр.Ленина,4 ,Толстого,24.;6
4. Музей «Город».; Шоу мыльных пузырей BUBBLE SHOW.;20:20;21:00;г.Барнаул,пр.Ленина,4 ,Толстого,24.;6
4. Музей «Город».; Робосумо.«Центр детских инноваций НЕКСТ».;20:30;20:50;г.Барнаул,пр.Ленина,4 ,Толстого,24.;6
4. Музей «Город».; Мастеркласс «Просто Космос» по рисованию 3Д ручкой.«Центр детских инноваций НЕКСТ».;20:30;21:00;г.Барнаул,пр.Ленина,4 ,Толстого,24.;6
4. Музей «Город».; Робосумо.«Центр детских инноваций НЕКСТ».;21:00;21:20;г.Барнаул,пр.Ленина,4 ,Толстого,24.;6
4. Музей «Город».; Мастеркласс «Космическое путешествие» по робототехнике.«Центр детских инноваций НЕКСТ».;21:00;21:30;г.Барнаул,пр.Ленина,4 ,Толстого,24.;6
4. Музей «Город».; Мастеркласс «Учимся писать по бересте».;21:00;22:00;г.Барнаул,пр.Ленина,4 ,Толстого,24.;6
4. Музей «Город».; Мастеркласс «Мозаика» от Ольги Бересты.;21:00;22:00;г.Барнаул,пр.Ленина,4 ,Толстого,24.;6
4. Музей «Город».; Просмотр советских диафильмов «Мультимедиа прошлого».;21:00;22:00;г.Барнаул,пр.Ленина,4 ,Толстого,24.;6
4. Музей «Город».; Мастеркласс «Бумажный мир» от Алексея Зауэра.;21:00;22:00;г.Барнаул,пр.Ленина,4 ,Толстого,24.;6
4. Музей «Город».; Выступление музыкальных кавергрупп «Dzot»«НесуРазные Вещи»«FouR»«Наобум».;21:30;1:00;г.Барнаул,пр.Ленина,4 ,Толстого,24.;6
4. Музей «Город».; Робосумо.«Центр детских инноваций НЕКСТ».;21:30;21:50;г.Барнаул,пр.Ленина,4 ,Толстого,24.;6
4. Музей «Город».; Мастеркласс «Просто Космос» по рисованию 3Д ручкой.«Центр детских инноваций НЕКСТ».;21:30;22:00;г.Барнаул,пр.Ленина,4 ,Толстого,24.;6
4. Музей «Город».; Викторина «Быт горожан в конце XIXначале XX века».;21:45;22:00;г.Барнаул,пр.Ленина,4 ,Толстого,24.;6
4. Музей «Город».; Мастеркласс «Волшебное древо».;22:00;23:00;г.Барнаул,пр.Ленина,4 ,Толстого,24.;6
4. Музей «Город».; Мастеркласс «Знакомство с каллиграфией» по каллиграфии от Татьяны Голубевой.;22:00;24:00:00;г.Барнаул,пр.Ленина,4 ,Толстого,24.;6
4. Музей «Город».; Музыкальное выступление Ильи Небо и группы «Moro».;22:00;1:00;г.Барнаул,пр.Ленина,4 ,Толстого,24.;6
4. Музей «Город».; «Были и небыли Барнаула».;22:20;23:20;г.Барнаул,пр.Ленина,4 ,Толстого,24.;6
4. Музей «Город».; Продажа изделий Ольги Бересты.;19:00;1:00;г.Барнаул,пр.Ленина,4 ,Толстого,24.;6
4. Музей «Город».; Аквагрим и флэштату от студии «Творческие люди»рук.Червякова Юлия Николаевна.;19:00;24:00:00;г.Барнаул,пр.Ленина,4 ,Толстого,24.;6
4. Музей «Город».; Экскурсия по экспозициям выставочного зала.;19:00;19:30;г.Барнаул,пр.Ленина,4 ,Толстого,24.;6
4. Музей «Город».; Анатолий Капитонов и Виктор Минаев (граффитиперформанс).;19:00;21:00;г.Барнаул,пр.Ленина,4 ,Толстого,24.;6
4. Музей «Город».; Мастеркласс «Бумажный зоопарк».;19:00;20:00;г.Барнаул,пр.Ленина,4 ,Толстого,24.;6
4. Музей «Город».; Неонила Нойкина (гитара).;20:00;20:30;г.Барнаул,пр.Ленина,4 ,Толстого,24.;6
4. Музей «Город».; Экскурсия по экспозициям выставочного зала.;20:30;21:00;г.Барнаул,пр.Ленина,4 ,Толстого,24.;6
4. Музей «Город».; Мастеркласс «Подвеска «Тюльпанчики»  от мастеров клуба «Лоскутная пятница» Натальи Степкиной и Наталии Кузнецовой.;20:00;21:00;г.Барнаул,пр.Ленина,4 ,Толстого,24.;6
4. Музей «Город».; Экскурсия по экспозициям выставочного зала.;21:30;22:00;г.Барнаул,пр.Ленина,4 ,Толстого,24.;6
4. Музей «Город».; Творческая встреча  с Натальей Антоновой.Стихи.;22:00;22:45;г.Барнаул,пр.Ленина,4 ,Толстого,24.;6
4. Музей «Город».; Мастеркласс «Макраме.Листик».;21:00;22:00;г.Барнаул,пр.Ленина,4 ,Толстого,24.;6
4. Музей «Город».; Мастеркласс «Браслет».;22:00;23:00;г.Барнаул,пр.Ленина,4 ,Толстого,24.;6
4. Музей «Город».; Мастеркласс «Теории открытки.Алтай сакральный».;19:00;23:00;г.Барнаул,пр.Ленина,4 ,Толстого,24.;6
4. Музей «Город».; Художественный мастеркласс от Маргариты Романовской.;19:00;23:00;г.Барнаул,пр.Ленина,4 ,Толстого,24.;6
5. Художественный салон-галерея «Турина гора».; Торжественное открытие тематической выставки «Немеркнущий ЧЕРНЫЙ» барнаульских художниковсогласившихся с великим Пьером Огюстом Ренуаромчто ЧЕРНЫЙКороль  всех цветов!;19:00;19:30;г.Барнаул,ул.Димитрова,85-а.;6
5. Художественный салон-галерея «Турина гора».; Торжественное открытие пилотной выставки «Семинские ритмы» учеников Студии живописи «ТРАДИЦИИ и СОВРЕМЕННОСТЬ» (рук.Пиргельди Широв).;19:40;20:20;г.Барнаул,ул.Димитрова,85-а.;6
5. Художественный салон-галерея «Турина гора».; «МАРКЕТРИ: между живописью и прикладным искусством».;20:30;21:20;г.Барнаул,ул.Димитрова,85-а.;6
5. Художественный салон-галерея «Турина гора».; «Подарки из Дома Солнца».Пилотная выставка темперных миниатюр изделий декоративноприкладного искусства современных бухарских  художниковминиатюристов и мастеров-прикладников.;21:30;22:00;г.Барнаул,ул.Димитрова,85-а.;6
5. Художественный салон-галерея «Турина гора».; Занимательная викторина «По дорогам Великого Шелкового Пути».Победителямнаивкуснейшие подарки из Солнечного Узбекистана.;22:00;22:30;г.Барнаул,ул.Димитрова,85-а.;6
5. Художественный салон-галерея «Турина гора».; Мастерклассы по росписи имбирных пряников.Сами расписываемсами едим! Предварительная запись: 8903-072-97-90-пряничных лакомств мастерица Ирина Воробьева.;19:00;22:00;г.Барнаул,ул.Димитрова,85-а.;6
5. Художественный салон-галерея «Турина гора».; «Тени Венеции».Мастерклассы по созданию нуарных масок.Предварительная запись: 8913-234-90-74-бутаформастер-масочник Мария Кривоченко.;19:00;23:00;г.Барнаул,ул.Димитрова,85-а.;6
5. Художественный салон-галерея «Турина гора».; Аквагрим «Иллюзорный цвет».Всем желающим аквагрим на лице от художника Юлии Савенковой.;19:00;23:00;г.Барнаул,ул.Димитрова,85-а.;6
6. Музей «Мир времени».; Демонстрация советских мультфильмов по кинопроектору на улице (при условии хорошей погоды).;19:00;2:00;г.Барнаул,ул.А.Матросова,13, ул.А.Матросова,12.;6
7. Музей истории аптечного дела на Алтае «Горная аптека».; Праздничная уличная программа «Нам10 лет!»:;19:00;24:00:00;г.Барнаул,ул.Ползунова,42.;6
7. Музей истории аптечного дела на Алтае «Горная аптека».; Гастрономическая акция «Ночь гурманов»приготовление праздничного торта «Таблетка» от ресторации «Горная аптека».;19:30;21:00;г.Барнаул,ул.Ползунова,42.;6
7. Музей истории аптечного дела на Алтае «Горная аптека».; Музыкальный вечер с Александром Волокитиным.;21:00;24:00:00;г.Барнаул,ул.Ползунова,42.;6
8. Музей истории развития образования города Барнаула.; Каждый час экскурсия по экспозициям музея:;18:00;23:00;г.Барнаул,ул.Союза Республик,44.;6
8. Музей истории развития образования города Барнаула.; Путешествие в «Страну мастеров» (серия выставок и мастерклассов):;19:00;22:00;г.Барнаул,ул.Союза Республик,44.;6
8. Музей истории развития образования города Барнаула.; Мастеркласс «Чудеса из бисера» (ведущаяпедагог дополнительного образования Барнаульского городского детско-юношеского центра Другова Ксения Сергеевна.).;19:00;20:00;г.Барнаул,ул.Союза Республик,44.;6
8. Музей истории развития образования города Барнаула.; Мастеркласс по плетению кос «Косарусская краса» (ведущая-Ивлева Екатерина Павловна).;20:00;22:00;г.Барнаул,ул.Союза Республик,44.;6
8. Музей истории развития образования города Барнаула.; Награждение победителей открытого городского конкурса интерактивного искусства «Твой выбор».;19:00;19:30;г.Барнаул,ул.Союза Республик,44.;6
8. Музей истории развития образования города Барнаула.; Филателистическая выставка «История в марке» (ведущий педагог дополнительного образования Барнаульского городского детскоюношеского центра Ильчук Андрей Александрович).;20:00;22:00;г.Барнаул,ул.Союза Республик,44.;6
8. Музей истории развития образования города Барнаула.; Кинозал Музея истории развития образования города Барнаула:;19:00;23:00;г.Барнаул,ул.Союза Республик,44.;6
8. Музей истории развития образования города Барнаула.; «Барнаул в панораме веков» (к 85летию Алтайского края).;"	19:00";19:45;г.Барнаул,ул.Союза Республик,44.;6
8. Музей истории развития образования города Барнаула.; «Барнаул 19411945».;"	19:45";20:30;г.Барнаул,ул.Союза Республик,44.;6
8. Музей истории развития образования города Барнаула.; «Дорога памяти нашей».Фильм о Валерии Золотухине.;"	20:30";21:15;г.Барнаул,ул.Союза Республик,44.;6
8. Музей истории развития образования города Барнаула.; «Жизнь крестьянского сына».Фильм о Михаиле Калашникове.;"	21:15";22:00;г.Барнаул,ул.Союза Республик,44.;6
8. Музей истории развития образования города Барнаула.; Экскурсия по выставке картин «Мой Барнаул».;20:00;24:00:00;г.Барнаул,ул.Союза Республик,44.;6
8. Музей истории развития образования города Барнаула.; Интерактивная экскурсия и викторина «По памятным местам Барнаула».;20:00;22:00;г.Барнаул,ул.Союза Республик,44.;6
8. Музей истории развития образования города Барнаула.; Конкурс рисунков на асфальте «Солнечный кругнебо вокруг».;19:00;21:00;г.Барнаул,ул.Союза Республик,44.;6
9. Выставочные залы Барнаульской детской школы искусств № 6.; Ретроспективная выставка учащихся ДШИ №6 из фонда детского творчества Государственного художественного музея Алтайского края.;17:30;20:30;г.Барнаул,ул.Малахова,144а.;6
9. Выставочные залы Барнаульской детской школы искусств № 6.; Выставка работ учащихся педагога Рыбальченко Р.Н.по компьютерной графике и фотографии.;17:30;20:30;г.Барнаул,ул.Малахова,144а.;6
9. Выставочные залы Барнаульской детской школы искусств № 6.; Мастерклассы педагогов  ДШИ №6:;18:30;20:30;г.Барнаул,ул.Малахова,144а.;6
10. ГАЛЕРЕЯ «UNIVERSUM» факультета искусств и дизайна АлтГУ.; Выставочные проекты:;16:00;23:00;г.Барнаул,ул.Димитрова,66.;6
10. ГАЛЕРЕЯ «UNIVERSUM» факультета искусств и дизайна АлтГУ.; Ярмарка Handmade:;16:00;23:00;г.Барнаул,ул.Димитрова,66.;6
10. ГАЛЕРЕЯ «UNIVERSUM» факультета искусств и дизайна АлтГУ.; Выступления творческих коллективов  и театральных студий АлтГУ;17:00;23:00;г.Барнаул,ул.Димитрова,66.;6
10. ГАЛЕРЕЯ «UNIVERSUM» факультета искусств и дизайна АлтГУ.; Артпространство «Художникреставратор темперной живописи».;19:00;20:00;г.Барнаул,ул.Димитрова,66.;6
10. ГАЛЕРЕЯ «UNIVERSUM» факультета искусств и дизайна АлтГУ.; «Аквагрим» от мастерагримера Юлии Дремовой.;19:00;22:00;г.Барнаул,ул.Димитрова,66.;6
10. ГАЛЕРЕЯ «UNIVERSUM» факультета искусств и дизайна АлтГУ.; Мастеркласс «Мир на ладошке» Ксения Черновакулоны и броши из шерсти.;16:00;17:00;г.Барнаул,ул.Димитрова,66.;6
10. ГАЛЕРЕЯ «UNIVERSUM» факультета искусств и дизайна АлтГУ.; Мастеркласс «Штукистудио» по созданию броши из керамики.;16:00;17:00;г.Барнаул,ул.Димитрова,66.;6
10. ГАЛЕРЕЯ «UNIVERSUM» факультета искусств и дизайна АлтГУ.; Мастеркласс по созданию бутоньерок из сухоцветов «Декоративная флористика» (Наталья Гречневакандидат искусствоведениядоцент кафедры искусств АлтГУ).;17:00;18:00;г.Барнаул,ул.Димитрова,66.;6
10. ГАЛЕРЕЯ «UNIVERSUM» факультета искусств и дизайна АлтГУ.; Мастеркласс по узелковой технике батика «Волшебный узелок» (Вера Бочковская кандидат исторических наукчлен СХРдоцент кафедры искусств АлтГУ).;17:00;18:00;г.Барнаул,ул.Димитрова,66.;6
10. ГАЛЕРЕЯ «UNIVERSUM» факультета искусств и дизайна АлтГУ.; Мастеркласс «Хохломская роспись» (Елизавета Сухановастудентка гр1384 ИГНруководитель Галина Булгаевакандидат искусствоведения,доцент кафедры искусств АлтГУ).;18:00;19:00;г.Барнаул,ул.Димитрова,66.;6
10. ГАЛЕРЕЯ «UNIVERSUM» факультета искусств и дизайна АлтГУ.; Мастеркласс «Индустрия моды и красоты» (КсенияМелеховакандидат искусствоведениядоцент кафедры искусств АлтГУ).;18:00;19:00;г.Барнаул,ул.Димитрова,66.;6
10. ГАЛЕРЕЯ «UNIVERSUM» факультета искусств и дизайна АлтГУ.; Мастеркласс по созданию авторской бижутерии «Freeform» (Дарья ВасиленкоСофия Шпицстудентки гр.1394руководитель Ольга Комарова,кандидат искусствоведения,доцент кафедры культурологии и дизайна АлтГУ).;18:00;19:00;г.Барнаул,ул.Димитрова,66.;6
10. ГАЛЕРЕЯ «UNIVERSUM» факультета искусств и дизайна АлтГУ.; Мастеркласс и показ коллекции «Платье как искусство»презентация студенческих коллекций (Диларам Сердюковастарший преподаватель кафедры искусств АлтГУ).;19:00;20:00;г.Барнаул,ул.Димитрова,66.;6
10. ГАЛЕРЕЯ «UNIVERSUM» факультета искусств и дизайна АлтГУ.; Мастерклассы  «Артдизайн» декорирование гипса (студенты гр.13061394  ИГНруководитель  Анна Нечаева доцент кафедры искусств АлтГУ).;19:00;20:00;г.Барнаул,ул.Димитрова,66.;6
10. ГАЛЕРЕЯ «UNIVERSUM» факультета искусств и дизайна АлтГУ.; Мастеркласс по гончарному делу (Анастасия Посысаевастудентка гр.1384 ИГНруководитель Ирина Валерьевна Черняевакандидат искусствоведения,доцент кафедры искусств АлтГУ).;19:00;20:00;г.Барнаул,ул.Димитрова,66.;6
10. ГАЛЕРЕЯ «UNIVERSUM» факультета искусств и дизайна АлтГУ.; Мастеркласс по созданию вязаных сувениров (Ольга КолмаковаКсения Долбилинастудентки гр.1394 ИГНруководитель Ольга Комарова,кандидат искусствоведения,доцент кафедры культурологии и дизайна АлтГУ).;19:00;20:00;г.Барнаул,ул.Димитрова,66.;6
10. ГАЛЕРЕЯ «UNIVERSUM» факультета искусств и дизайна АлтГУ.; Мастеркласс по лепке из скульптурного пластилина (Роман Боркстудент гр.1394 ИГНруководитель Ольга Комаровакандидат искусствоведения,доцент кафедры культурологии и дизайна АлтГУ).;20:00;21:00;г.Барнаул,ул.Димитрова,66.;6
10. ГАЛЕРЕЯ «UNIVERSUM» факультета искусств и дизайна АлтГУ.; Мастеркласс «Цветок Победы и звезда Памяти» (Анастасия Ивановастудентка гр.1394 ИГНруководитель Ольга Комаровакандидат искусствоведения,доцент кафедры культурологии и дизайна АлтГУ).;20:00;21:00;г.Барнаул,ул.Димитрова,66.;6
10. ГАЛЕРЕЯ «UNIVERSUM» факультета искусств и дизайна АлтГУ.; Мастеркласс по созданию декоративного панно в технике «Терра» (Зоя МоисееваЮлия Шуйская студентки гр.1394 ИГНруководитель Ольга Комарова,кандидат искусствоведения,доцент кафедры культурологии и дизайна АлтГУ).;20:00;21:00;г.Барнаул,ул.Димитрова,66.;6
10. ГАЛЕРЕЯ «UNIVERSUM» факультета искусств и дизайна АлтГУ.; Мастеркласс по росписи на ткани «Russian print» (Елена Русаковичдоцент кафедры  искусств АлтГУ).;21:00;22:00;г.Барнаул,ул.Димитрова,66.;6
10. ГАЛЕРЕЯ «UNIVERSUM» факультета искусств и дизайна АлтГУ.; «Искусственный интеллект и художник: конкуренция или кооперация» (Шелюгина Ольга Александровнакандидат искусствоведениядоцент кафедры культурологии и дизайна АлтГУ).;20:00;21:00;г.Барнаул,ул.Димитрова,66.;6
10. ГАЛЕРЕЯ «UNIVERSUM» факультета искусств и дизайна АлтГУ.; «Искусство Сибири: в поисках идентичности» (Чурилов Михаил Григорьевичискусствоведдоцент кафедры культурологии и дизайна АлтГУ).;21:00;22:00;г.Барнаул,ул.Димитрова,66.;6
10. ГАЛЕРЕЯ «UNIVERSUM» факультета искусств и дизайна АлтГУ.; Работают талантливые специалисты общества фотографов АлтГУ.;16:00;23:00;г.Барнаул,ул.Димитрова,66.;6
10. ГАЛЕРЕЯ «UNIVERSUM» факультета искусств и дизайна АлтГУ.; Работает университетская  лавка (буфет).;16:00;23:00;г.Барнаул,ул.Димитрова,66.;6
11. Музей Алтайского государственного технического университета им.И.И.Ползунова.; Открытие акции «Ночь музеев».;19:00;19:10;г.Барнаул,ул.Димитрова,73 (Новый корпус АлтГТУ,напротив горбольницы № 1).;6
11. Музей Алтайского государственного технического университета им.И.И.Ползунова.; Танцевальнотеатрализованное представление Клуба старинных  танцев АлтГТУ «Времён связующая нить».;19:15;19:45;г.Барнаул,ул.Димитрова,73 (Новый корпус АлтГТУ,напротив горбольницы № 1).;6
11. Музей Алтайского государственного технического университета им.И.И.Ползунова.; Экскурсии в Центр детского научного и инженернотехнического творчества АлтГТУ «Наследники Ползунова».;19:30;22:30;г.Барнаул,ул.Димитрова,73 (Новый корпус АлтГТУ,напротив горбольницы № 1).;6
11. Музей Алтайского государственного технического университета им.И.И.Ползунова.;  «Химический квест».;19:10;21:45;г.Барнаул,ул.Димитрова,73 (Новый корпус АлтГТУ,напротив горбольницы № 1).;6
11. Музей Алтайского государственного технического университета им.И.И.Ползунова.; Фабрика гениев.Робототехника.;19:30;22:00;г.Барнаул,ул.Димитрова,73 (Новый корпус АлтГТУ,напротив горбольницы № 1).;6
11. Музей Алтайского государственного технического университета им.И.И.Ползунова.; Демонстрация детских диафильмов «Сказочный калейдоскоп».;19:10;22:00;г.Барнаул,ул.Димитрова,73 (Новый корпус АлтГТУ,напротив горбольницы № 1).;6
11. Музей Алтайского государственного технического университета им.И.И.Ползунова.; «Я готов Zащищать ОтечестVо!» Выставка бронетанковой техники и военного снаряжения Российской армии Военного учебного центра АлтГТУ.;19:30;23:00;г.Барнаул,ул.Димитрова,73 (Новый корпус АлтГТУ,напротив горбольницы № 1).;6
11. Музей Алтайского государственного технического университета им.И.И.Ползунова.; Демонстрация музейных экспонатов по истории АлтГТУего традициям и достижениям.;19:30;23:00;г.Барнаул,ул.Димитрова,73 (Новый корпус АлтГТУ,напротив горбольницы № 1).;6
11. Музей Алтайского государственного технического университета им.И.И.Ползунова.; Выставка счётноизмерительной и компьютерной техники.;19:30;23:00;г.Барнаул,ул.Димитрова,73 (Новый корпус АлтГТУ,напротив горбольницы № 1).;6
11. Музей Алтайского государственного технического университета им.И.И.Ползунова.; Мастеркласс «Гипсовый декор».;19:30;21:00;г.Барнаул,ул.Димитрова,73 (Новый корпус АлтГТУ,напротив горбольницы № 1).;6
11. Музей Алтайского государственного технического университета им.И.И.Ползунова.; Выставка «Наука о земле.Горные породы и минералы мира и Алтайского края».;19:30;22:30;г.Барнаул,ул.Димитрова,73 (Новый корпус АлтГТУ,напротив горбольницы № 1).;6
11. Музей Алтайского государственного технического университета им.И.И.Ползунова.; Выставка «История развития геодезического оборудованияот мерной ленты до космических технологий».;19:30;22:30;г.Барнаул,ул.Димитрова,73 (Новый корпус АлтГТУ,напротив горбольницы № 1).;6
11. Музей Алтайского государственного технического университета им.И.И.Ползунова.; Мастеркласс «Технология Умный дом  на службе человека».;19:30;22:30;г.Барнаул,ул.Димитрова,73 (Новый корпус АлтГТУ,напротив горбольницы № 1).;6
11. Музей Алтайского государственного технического университета им.И.И.Ползунова.; Мастеркласс «Создание модели дачного дома в графической системе Архикад».;19:30;22:30;г.Барнаул,ул.Димитрова,73 (Новый корпус АлтГТУ,напротив горбольницы № 1).;6
11. Музей Алтайского государственного технического университета им.И.И.Ползунова.; Мастеркласс «Оценка прочности и качества дорожностроительных материалов».;19:30;22:30;г.Барнаул,ул.Димитрова,73 (Новый корпус АлтГТУ,напротив горбольницы № 1).;6
11. Музей Алтайского государственного технического университета им.И.И.Ползунова.; Мастеркласс «Построй свою мечту  BIM Технология  информационного моделирования зданий».;19:30;22:30;г.Барнаул,ул.Димитрова,73 (Новый корпус АлтГТУ,напротив горбольницы № 1).;6
11. Музей Алтайского государственного технического университета им.И.И.Ползунова.; Архитектурная инсталляция студентов Института Архитектуры  и дизайна «Уходящее наследие».;19:00;22:00;г.Барнаул,ул.Димитрова,73 (Новый корпус АлтГТУ,напротив горбольницы № 1).;6
11. Музей Алтайского государственного технического университета им.И.И.Ползунова.; Выставка лучших учебных работ кафедры «Изобразительное искусство» к 80летию АлтГТУ.;19:30;23:00;г.Барнаул,ул.Димитрова,73 (Новый корпус АлтГТУ,напротив горбольницы № 1).;6
11. Музей Алтайского государственного технического университета им.И.И.Ползунова.; Литературномузыкальная гостиная «Поэзия и песни народов мира».;19:30;22:00;г.Барнаул,ул.Димитрова,73 (Новый корпус АлтГТУ,напротив горбольницы № 1).;6
11. Музей Алтайского государственного технического университета им.И.И.Ползунова.; Мастеркласс «Арабская вязь».;19:30;22:00;г.Барнаул,ул.Димитрова,73 (Новый корпус АлтГТУ,напротив горбольницы № 1).;6
11. Музей Алтайского государственного технического университета им.И.И.Ползунова.; Калейдоскоп потрясающих физических экспериментов «Физика от А до Я».;20:00;21:00;г.Барнаул,ул.Димитрова,73 (Новый корпус АлтГТУ,напротив горбольницы № 1).;6
11. Музей Алтайского государственного технического университета им.И.И.Ползунова.; Феерическое шоу химических экспериментов «Тайны удивительного мира химии».;21:15;22:00;г.Барнаул,ул.Димитрова,73 (Новый корпус АлтГТУ,напротив горбольницы № 1).;6
11. Музей Алтайского государственного технического университета им.И.И.Ползунова.; Музыкальнотеатрализованное представление  «Через тернии к звёздам».;22:15;22:45;г.Барнаул,ул.Димитрова,73 (Новый корпус АлтГТУ,напротив горбольницы № 1).;6
12. Музей археологии и этнографии Алтая АГУ.; Открытие экспозиции музея для осмотра.Обзорная экскурсия по экспозиции музея «Алтай в древности».;15:30;16:30;г.Барнаул,ул.Димитрова,66 (Корпус «Д» АлтГУ-центральный вход).;6
12. Музей археологии и этнографии Алтая АГУ.; Презентация новой выставки «Древняя Берестаискусствомода и оружие».Выставка уникальных берестяных изделий тюркского и монгольского времени.;16:30;17:00;г.Барнаул,ул.Димитрова,66 (Корпус «Д» АлтГУ-центральный вход).;6
12. Музей археологии и этнографии Алтая АГУ.; Обзорная экскурсия по экспозиции музея «Алтай в древности».;17:00;18:00;г.Барнаул,ул.Димитрова,66 (Корпус «Д» АлтГУ-центральный вход).;6
12. Музей археологии и этнографии Алтая АГУ.; «Средневековая береста знакомая и незнакомая»занимательный рассказ о искусстве использования бересты в жизни древних людей.;18:00;19:00;г.Барнаул,ул.Димитрова,66 (Корпус «Д» АлтГУ-центральный вход).;6
12. Музей археологии и этнографии Алтая АГУ.; Презентация «Виртуального музея Большой Алтайпрародина тюрков».Представление 3Dмоделейартефактов древнетюркского искусства.;19:00;19:30;г.Барнаул,ул.Димитрова,66 (Корпус «Д» АлтГУ-центральный вход).;6
13. Историко-краеведческий музей АлтГПУ.; Открытие акции «Ночь музеев2022» (3 этажауд.317).;19:00;19:15;г.Барнаул,ул.Молодежная,55, каб.315-317.;6
13. Историко-краеведческий музей АлтГПУ.; «Уникальные предметы из музейного собрания»: экскурсии по экспозиции музея от сотрудников и собирателей коллекций (3 этажауд.317).;19:15;20:00;г.Барнаул,ул.Молодежная,55, каб.315-317.;6
13. Историко-краеведческий музей АлтГПУ.; «Уникальные предметы из музейного собрания»: экскурсии по экспозиции музея от сотрудников и собирателей коллекций (3 этажауд.317).;21:00;21:30;г.Барнаул,ул.Молодежная,55, каб.315-317.;6
13. Историко-краеведческий музей АлтГПУ.; «Уникальные предметы из музейного собрания»: экскурсии по экспозиции музея от сотрудников и собирателей коллекций (3 этажауд.317).;22:00;23:00;г.Барнаул,ул.Молодежная,55, каб.315-317.;6
13. Историко-краеведческий музей АлтГПУ.; «Загадки старых переплетов: книжные сокровища из фондов редких книг научнопедагогической библиотеки АлтГПУ»: экскурсии по выставке (1 этажауд.103).;19:00;21:00;г.Барнаул,ул.Молодежная,55, каб.315-317.;6
13. Историко-краеведческий музей АлтГПУ.; «Казахская культура.Традиции.Быт»: экскурсии по выставке Центра казахского языка и культуры АлтГПУ (3 этажауд.304).;19:15;23:00;г.Барнаул,ул.Молодежная,55, каб.315-317.;6
13. Историко-краеведческий музей АлтГПУ.; «Песни украинских переселенцев Алтая»: фольклорноэтнографическая программа фольклорного ансамбля «Узорье» Алтайского государственного института культуры (3 этажауд.312).;19:15;20:15;г.Барнаул,ул.Молодежная,55, каб.315-317.;6
13. Историко-краеведческий музей АлтГПУ.; «Живая традиция»: интерактивная программа для детей и взрослых детского фольклорного ансамбля «Маруся» МБУ ДО «Детскоюношеский центр» Индустриального района (3 этажауд.322).;19:30;20:30;г.Барнаул,ул.Молодежная,55, каб.315-317.;6
13. Историко-краеведческий музей АлтГПУ.;" «От Пасхи до Троицы: традиционные русские обряды и праздники»: программа «Центра русской традиционной культуры ""Утешная канарейка”» с участием студии народного пения «Пава» и фольклорного ансамбля «Голубеня» (3 этажауд.317).";20:00;21:00;г.Барнаул,ул.Молодежная,55, каб.315-317.;6
13. Историко-краеведческий музей АлтГПУ.; «”Читаем” по косе: традиционные женские прически и головные уборы у русских Алтая»: интерактивная программа (3 этажауд.317).;21:30;22:00;г.Барнаул,ул.Молодежная,55, каб.315-317.;6
13. Историко-краеведческий музей АлтГПУ.; «Игроделы»: культурноигровая площадка для детей (3 этажауд.323ауд.325).;19:15;22:00;г.Барнаул,ул.Молодежная,55, каб.315-317.;6
13. Историко-краеведческий музей АлтГПУ.; «Сказочная география»: детская интерактивная программа (3 этажауд.312).;20:30;22:30;г.Барнаул,ул.Молодежная,55, каб.315-317.;6
13. Историко-краеведческий музей АлтГПУ.; «Из настоящего в прошлое»: археологический квест для юных любителей археологии (3 этажауд.305).;20:30;22:30;г.Барнаул,ул.Молодежная,55, каб.315-317.;6
13. Историко-краеведческий музей АлтГПУ.; Виртуальная экскурсия в мультимедийный «Исторический парк «Россиямоя история» (г.Новосибирск) (3 этажауд.302).;19:00;20:00;г.Барнаул,ул.Молодежная,55, каб.315-317.;6
13. Историко-краеведческий музей АлтГПУ.; «Цифровая библиотека»: историкокультурное наследие Алтайского края в ресурсах и проектах научнопедагогической библиотеки АлтГПУ (2 этажауд.200).;19:00;22:00;г.Барнаул,ул.Молодежная,55, каб.315-317.;6
13. Историко-краеведческий музей АлтГПУ.; Виртуальное путешествие по музеям России (3 этажауд.302).;20:00;21:00;г.Барнаул,ул.Молодежная,55, каб.315-317.;6
13. Историко-краеведческий музей АлтГПУ.; Видеолекции исследователей АлтГПУ (3 этажауд.311):;21:00;23:00;г.Барнаул,ул.Молодежная,55, каб.315-317.;6
14. Музей анатомии животных АГАУ.; Осмотр экспозиций препаратов с экскурсоводом:;19:00;23:00;г.Барнаул,ул.Мерзликина,8,корпус 7б,ауд.28.;6
14. Музей анатомии животных АГАУ.; Минилекторий «Технология изготовление мумий животных».;20:00;20:30;г.Барнаул,ул.Мерзликина,8,корпус 7б,ауд.28.;6
14. Музей анатомии животных АГАУ.; Мастеркласс «Изготовление музейного препарата».;21:00;21:30;г.Барнаул,ул.Мерзликина,8,корпус 7б,ауд.28.;6
14. Музей анатомии животных АГАУ.; Мастеркласс «Еда полезная и нет».;22:00;22:30;г.Барнаул,ул.Мерзликина,8,корпус 7б,ауд.28.;6
15. Выставочный центр Алтайского территориального управления Западно-Сибирской железной дороги (2 площадки).; Тематические экскурсии  по экспозиционным залам выставочного центра:;19:00;2:00;г.Барнаул,ул.Привокзальная,14 (основная площадка-территория локомотивного депо Барнаул).;6
15. Выставочный центр Алтайского территориального управления Западно-Сибирской железной дороги (2 площадки).; Пешеходные экскурсии по территории эксплуатационного локомотивного депо Барнаул.Знакомство с памятниками истории строительства железной дороги на Алтае.Посещение смотровой площадки «Современный подвижной состав дороги».;19:00;2:00;г.Барнаул,ул.Привокзальная,14 (основная площадка-территория локомотивного депо Барнаул).;6
15. Выставочный центр Алтайского территориального управления Западно-Сибирской железной дороги (2 площадки).; Презентации: ;19:00;2:00;г.Барнаул,ул.Привокзальная,14 (основная площадка-территория локомотивного депо Барнаул).;6
15. Выставочный центр Алтайского территориального управления Западно-Сибирской железной дороги (2 площадки).; Концерт победителей третьего Регионального  фестиваля самодеятельного искусства «Открытый микрофон». Для посетителей акции будет петь вокальная  группа ветерановжелезнодорожников «Попутчики» (концертная площадка около здания Алтайского территориального управления дороги по адресу: площадь Победы8).;20:00;21:30;г.Барнаул,ул.Привокзальная,14 (основная площадка-территория локомотивного депо Барнаул).;6
15. Выставочный центр Алтайского территориального управления Западно-Сибирской железной дороги (2 площадки).; Музыкальная гостиная откроет двери для всех гостейчтобы вспомнить мелодии прошлых лет (концертная площадка около здания Алтайского территориального управления дороги по адресу: площадь Победы8).;22:00;23:00;г.Барнаул,ул.Привокзальная,14 (основная площадка-территория локомотивного депо Барнаул).;6
16. Центр противопожарной пропаганды и общественных связей 1 пожарно-спасательный отряд ФПС ГПС  Главного управления МЧС России по Алтайскому краю.; Экскурсия «История развития пожарного дела в России и на Алтаепожарная техникасредства индивидуальной защиты»(каждые 20 минут).;19:00;2:00;г.Барнаул,ул.Интернациональная,58.;6
16. Центр противопожарной пропаганды и общественных связей 1 пожарно-спасательный отряд ФПС ГПС  Главного управления МЧС России по Алтайскому краю.; Демонстрация современных и ретропожарных автомобилей на фасаде 1 пожарноспасательной  части.;19:00;21:00;г.Барнаул,ул.Интернациональная,58.;6
17. Музей истории дорог Алтая КГКУ «АЛТАЙАВТОДОР».; «Народы Алтая: о дорогах больших и малых»галапрограмма  фольклорных ансамблейнародных коллективовпредставителей национальных культурных центров.;18:00;19:30;г.Барнаул,пл.Баварина,17,Музейный комплекс учебного центра дорожного хозяйства Алтайского края.;6
17. Музей истории дорог Алтая КГКУ «АЛТАЙАВТОДОР».; САНОБРАБОТКА.;19:30;19:40;г.Барнаул,пл.Баварина,17,Музейный комплекс учебного центра дорожного хозяйства Алтайского края.;6
17. Музей истории дорог Алтая КГКУ «АЛТАЙАВТОДОР».; «Земля  алтайская  щедра дарами» фольклорная программа.;19:50;20:20;г.Барнаул,пл.Баварина,17,Музейный комплекс учебного центра дорожного хозяйства Алтайского края.;6
17. Музей истории дорог Алтая КГКУ «АЛТАЙАВТОДОР».; «Дорогидороги…»литературномузыкальная композиция в       ;20:20;20:50;г.Барнаул,пл.Баварина,17,Музейный комплекс учебного центра дорожного хозяйства Алтайского края.;6
17. Музей истории дорог Алтая КГКУ «АЛТАЙАВТОДОР».; САНОБРАБОТКА.             ;20:50;21:00;г.Барнаул,пл.Баварина,17,Музейный комплекс учебного центра дорожного хозяйства Алтайского края.;6
17. Музей истории дорог Алтая КГКУ «АЛТАЙАВТОДОР».; «Дороги измеряются друзьямиа не километрами»программа авторских стиховбаллад и песен о дорогах и дорожникахо любви,верности и дружбе.;21:00;22:30;г.Барнаул,пл.Баварина,17,Музейный комплекс учебного центра дорожного хозяйства Алтайского края.;6
17. Музей истории дорог Алтая КГКУ «АЛТАЙАВТОДОР».; «Дороги и мы…»выставка рисунков учащихся Барнаульской детской художественной школы искусств № 2.;18:00;23:00;г.Барнаул,пл.Баварина,17,Музейный комплекс учебного центра дорожного хозяйства Алтайского края.;6
17. Музей истории дорог Алтая КГКУ «АЛТАЙАВТОДОР».; Селфи в интерьерахна фоне экспонатовв залах музея;18:00;23:00;г.Барнаул,пл.Баварина,17,Музейный комплекс учебного центра дорожного хозяйства Алтайского края.;6
18. Музей автоугона им.Руслана Дульцева-Деточкина.; Открытие акции «Ночь музеев2022».;19:00;19:10;г.Барнаул,ул.Анатолия,130 (пересечение Анатолия-Красноармейский пр-т).;6
18. Музей автоугона им.Руслана Дульцева-Деточкина.; Музей Автоугона представляет программу «Музей собирает друзей!»:;19:00;1:00;г.Барнаул,ул.Анатолия,130 (пересечение Анатолия-Красноармейский пр-т).;6
18. Музей автоугона им.Руслана Дульцева-Деточкина.; Дуэт аккордеонистоввиртуозов «Твинс» (музыка всех стилей и направлений).;"	19:00";23:00;г.Барнаул,ул.Анатолия,130 (пересечение Анатолия-Красноармейский пр-т).;6
18. Музей автоугона им.Руслана Дульцева-Деточкина.; Фотосессия с киногероями.;"	19:00";23:00;г.Барнаул,ул.Анатолия,130 (пересечение Анатолия-Красноармейский пр-т).;6
18. Музей автоугона им.Руслана Дульцева-Деточкина.; Вкуснейшая полевая кухня.;"	19:00";23:00;г.Барнаул,ул.Анатолия,130 (пересечение Анатолия-Красноармейский пр-т).;6
18. Музей автоугона им.Руслана Дульцева-Деточкина.; Антикварная лавка.;"	19:00";23:00;г.Барнаул,ул.Анатолия,130 (пересечение Анатолия-Красноармейский пр-т).;6
18. Музей автоугона им.Руслана Дульцева-Деточкина.; Мастерклассы (роспись в технике «Батик»).;"	19:00";23:00;г.Барнаул,ул.Анатолия,130 (пересечение Анатолия-Красноармейский пр-т).;6
18. Музей автоугона им.Руслана Дульцева-Деточкина.; Экскурсии:;19:10;1:00;г.Барнаул,ул.Анатолия,130 (пересечение Анатолия-Красноармейский пр-т).;6
18. Музей автоугона им.Руслана Дульцева-Деточкина.;  «Ретромашины».«Автомобиль до автомобиля».Обзорная экскурсия по музею.;19:10;20:00;г.Барнаул,ул.Анатолия,130 (пересечение Анатолия-Красноармейский пр-т).;6
18. Музей автоугона им.Руслана Дульцева-Деточкина.; «Военная техника».«Внедорожники».Обзорная экскурсия по музею.;20:00;21:00;г.Барнаул,ул.Анатолия,130 (пересечение Анатолия-Красноармейский пр-т).;6
18. Музей автоугона им.Руслана Дульцева-Деточкина.; «Советский автопром».«Первые американские автомобили».Обзорная экскурсия по музею.;21:00;22:00;г.Барнаул,ул.Анатолия,130 (пересечение Анатолия-Красноармейский пр-т).;6
18. Музей автоугона им.Руслана Дульцева-Деточкина.; «Дизайн и стайлинг автомобилей из прошлого в настоящее».Обзорная экскурсия по музею.;22:00;23:00;г.Барнаул,ул.Анатолия,130 (пересечение Анатолия-Красноармейский пр-т).;6
18. Музей автоугона им.Руслана Дульцева-Деточкина.; «Концепткары и прототипы».Обзорная экскурсия по музею.;23:00;23:00;г.Барнаул,ул.Анатолия,130 (пересечение Анатолия-Красноармейский пр-т).;6
18. Музей автоугона им.Руслана Дульцева-Деточкина.; «Самые престижные автомобили».Обзорная экскурсия по музею.;0:00;1:00;г.Барнаул,ул.Анатолия,130 (пересечение Анатолия-Красноармейский пр-т).;6
18. Музей автоугона им.Руслана Дульцева-Деточкина.; «Оригинальные и популярные автомобили».Обзорная экскурсия по музею.;1:00;1:00;г.Барнаул,ул.Анатолия,130 (пересечение Анатолия-Красноармейский пр-т).;6
18. Музей автоугона им.Руслана Дульцева-Деточкина.; Показ экспозиции музея и выставки отмычек.;19:00;1:00;г.Барнаул,ул.Анатолия,130 (пересечение Анатолия-Красноармейский пр-т).;6
18. Музей автоугона им.Руслана Дульцева-Деточкина.; «Отправь свой старый ключ или отмычку в «космос» (изготовление «ракеты» из старых ключей).;19:10;1:00;г.Барнаул,ул.Анатолия,130 (пересечение Анатолия-Красноармейский пр-т).;6
18. Музей автоугона им.Руслана Дульцева-Деточкина.; Викторина «Российская космонавтика».;19:10;23:00;г.Барнаул,ул.Анатолия,130 (пересечение Анатолия-Красноармейский пр-т).;6
18. Музей автоугона им.Руслана Дульцева-Деточкина.; Викторина «Про100кино».;19:10;23:00;г.Барнаул,ул.Анатолия,130 (пересечение Анатолия-Красноармейский пр-т).;6
18. Музей автоугона им.Руслана Дульцева-Деточкина.; Фотографирование на мотоцикле «Урал» ( с героем из к/ф «Берегись автомобиля»).;20:00;0:00;г.Барнаул,ул.Анатолия,130 (пересечение Анатолия-Красноармейский пр-т).;6
18. Музей автоугона им.Руслана Дульцева-Деточкина.; Викторина «Мифы древней Греции».;19:10;23:00;г.Барнаул,ул.Анатолия,130 (пересечение Анатолия-Красноармейский пр-т).;6
18. Музей автоугона им.Руслана Дульцева-Деточкина.; Психологическая разгрузка для водителей «Маска» (разбей свою проблему (изготовление лица противника из гипса) и съешь свою проблему (изготовление лица противника из торта).;19:10;23:00;г.Барнаул,ул.Анатолия,130 (пересечение Анатолия-Красноармейский пр-т).;6
18. Музей автоугона им.Руслана Дульцева-Деточкина.; Выставка работ «100 лет BMW » (выставка масок: в виде дорожных знаков (въезд запрещенслепой водительглухой водительинь и янь и другие);19:00;23:00;г.Барнаул,ул.Анатолия,130 (пересечение Анатолия-Красноармейский пр-т).;6
18. Музей автоугона им.Руслана Дульцева-Деточкина.; Открытие акции «Ночь музеев2022».;19:00;19:10;г.Барнаул,ул.Анатолия,130 (пересечение Анатолия-Красноармейский пр-т).;6
18. Музей автоугона им.Руслана Дульцева-Деточкина.; Обзорная экскурсия по музею.;19:10;0:00;г.Барнаул,ул.Анатолия,130 (пересечение Анатолия-Красноармейский пр-т).;6
18. Музей автоугона им.Руслана Дульцева-Деточкина.; Экскурсия «У русской печи».А вы мылись в русской печи? Об этом можно узнать в нашем музее.;19:10;0:00;г.Барнаул,ул.Анатолия,130 (пересечение Анатолия-Красноармейский пр-т).;6
18. Музей автоугона им.Руслана Дульцева-Деточкина.; «История улицы Анатолия»названия улицы с момента ее существования.;19:10;0:00;г.Барнаул,ул.Анатолия,130 (пересечение Анатолия-Красноармейский пр-т).;6
18. Музей автоугона им.Руслана Дульцева-Деточкина.; Экскурсия «Изба портного Павла Фролова».;19:10;0:00;г.Барнаул,ул.Анатолия,130 (пересечение Анатолия-Красноармейский пр-т).;6
18. Музей автоугона им.Руслана Дульцева-Деточкина.; Во времена наших прадедов не былони мылани шампуня.Хотите узнатькак и чем раньше мыли голову и стирали бельё? Ответы на все вопросы только у нас!;19:10;0:00;г.Барнаул,ул.Анатолия,130 (пересечение Анатолия-Красноармейский пр-т).;6
18. Музей автоугона им.Руслана Дульцева-Деточкина.; В музее вы можете увидеть пылесос «Сатурн» посвященный первому полету в космос Юрия Гагарина.;19:10;0:00;г.Барнаул,ул.Анатолия,130 (пересечение Анатолия-Красноармейский пр-т).;6
18. Музей автоугона им.Руслана Дульцева-Деточкина.; Обучение мастерству шитья на швейной машинке с ручным приводом Подольского Механического Завода (каждые 30 минут).;19:10;0:00;г.Барнаул,ул.Анатолия,130 (пересечение Анатолия-Красноармейский пр-т).;6
18. Музей автоугона им.Руслана Дульцева-Деточкина.; У нас в музее вы можете попробовать вкуснейшую гречневую кашу из русской печи.Половину всей гречихи в России выращивают у нас на Алтае.Гречкаэкологически чистый продукт и считается национальным русским блюдом.;19:10;0:00;г.Барнаул,ул.Анатолия,130 (пересечение Анатолия-Красноармейский пр-т).;6
18. Музей автоугона им.Руслана Дульцева-Деточкина.;  Обучение мастерству: как замесить тесто и как испечь калачи в русской печи.;19:10;0:00;г.Барнаул,ул.Анатолия,130 (пересечение Анатолия-Красноармейский пр-т).;6
19. Музей «Мир камня».; Экскурсии по музею для детей.;13:00;15:00;г.Барнаул,ул.Ползунова,39 (вход со двора).;6
19. Музей «Мир камня».; ИГРОТЕКА:;15:00;19:00;г.Барнаул,ул.Ползунова,39 (вход со двора).;6
19. Музей «Мир камня».; Экскурсии в музее по темам:;19:00;2:00;г.Барнаул,ул.Ползунова,39 (вход со двора).;6
20. Музей КАУ «Дом народов Алтайского края».; Выставка лоскутного шитья Натальи Бобровниковой (Новосибирская обл.)посвященная Дню славянской письменности и культуры.;19:00;22:00;г.Барнаул,ул.Гоголя,44.;6
20. Музей КАУ «Дом народов Алтайского края».; Книжноиллюстративная выставкапосвященная этнокультурному многообразию российской нации.;19:00;22:00;г.Барнаул,ул.Гоголя,44.;6
20. Музей КАУ «Дом народов Алтайского края».; Концертнопрезентационная программа «Под небом Алтая» с участием национальнокультурных объединений.;19:30;21:30;г.Барнаул,ул.Гоголя,44.;6
20. Музей КАУ «Дом народов Алтайского края».; «Лоскутная открытка»: мастеркласс по лоскутному шитью (мастер Ольга Набатоваклуб мастеров лоскутного шитья «Лоскутная пятница» Алтайского государственного Дома народного творчества).;20:00;21:00;г.Барнаул,ул.Гоголя,44.;6
20. Музей КАУ «Дом народов Алтайского края».; Интерактивная программа «Во всякой избушкесвои игрушки»: традиционные игры разных народов.;20:00;21:00;г.Барнаул,ул.Гоголя,44.;6
21. Музей истории АГМУ и медицины Алтая.; Обзорные экскурсии по залам музея по разделам истории медицины Алтая:;19:00;2:00;г.Барнаул,ул.Папанинцев,126,;6
22. Клуб-музей частных коллекций.; Экскурсия «Педальные машинки» (уличная экспозиция).;19:00;21:00;г.Барнаул,пр.Ленина,107.;6
22. Клуб-музей частных коллекций.; Экскурсия «Игрушки детства родителей».;19:00;20:00;г.Барнаул,пр.Ленина,107.;6
22. Клуб-музей частных коллекций.; Экскурсия «Советская елочная игрушка.Первая в мире».;20:30;21:00;г.Барнаул,пр.Ленина,107.;6
22. Клуб-музей частных коллекций.; Экскурсия «Советский Новый год.Историятрадицииперсонажи».;21:00;22:00;г.Барнаул,пр.Ленина,107.;6
22. Клуб-музей частных коллекций.; Экскурсии по залам с коллекционерами.;22:00;2:00;г.Барнаул,пр.Ленина,107.;6
22. Клуб-музей частных коллекций.; Экскурсия «Обзор по новому Музею телерадиотехники».;19:00;2:00;г.Барнаул,пр.Ленина,107.;6
23. Выставочная площадка парка культуры и отдыха «Центральный»; Первый открытый краевой фестивальконкурс исполнителей «ТВОЙ ШАНС(ON)культурныйлюбимыйнародный».Учредитель и соорганизатор концертно-продюсерский центр «Звезда» Сергея Ожидаева.;16:00;18:00;г.Барнаул,пр.Социалистический,11.;6
23. Выставочная площадка парка культуры и отдыха «Центральный»; Торжественное открытие акции при участии Молодежного хора русской песни «Сибиряночка» им.М.Ф.Шахворостова.;18:00;19:00;г.Барнаул,пр.Социалистический,11.;6
23. Выставочная площадка парка культуры и отдыха «Центральный»; «Ожили статуи в саду».Интерактивная программа творческой студии «Движитель».;18:00;20:00;г.Барнаул,пр.Социалистический,11.;6
23. Выставочная площадка парка культуры и отдыха «Центральный»; Выставкаярмарка декоративноприкладного творчествамастер-классы.;18:00;21:00;г.Барнаул,пр.Социалистический,11.;6
23. Выставочная площадка парка культуры и отдыха «Центральный»; Фотовыставка «Историческое наследие парка».;18:00;23:00;г.Барнаул,пр.Социалистический,11.;6
23. Выставочная площадка парка культуры и отдыха «Центральный»; Фотовыставка «А Вы знали?...Интересное о парке».;18:00;23:00;г.Барнаул,пр.Социалистический,11.;6
23. Выставочная площадка парка культуры и отдыха «Центральный»; Экскурсия «Парк Центральныйпарк с историей» (сбор группы на ул.МалоТобольская).;19:00;19:40;г.Барнаул,пр.Социалистический,11.;6
23. Выставочная площадка парка культуры и отдыха «Центральный»; Экскурсия Данила Дегтярева «Барнаулгород трудовой доблести» (сбор группы около Дерева дружбы в парке).;19:00;19:40;г.Барнаул,пр.Социалистический,11.;6
23. Выставочная площадка парка культуры и отдыха «Центральный»; Квест «В поисках рецепта здоровья в аптекарском саду» (сбор группы у фонтана в парке).;19:00;19:40;г.Барнаул,пр.Социалистический,11.;6
23. Выставочная площадка парка культуры и отдыха «Центральный»; Народные игры и забавы.;19:00;20:00;г.Барнаул,пр.Социалистический,11.;6
23. Выставочная площадка парка культуры и отдыха «Центральный»; Первый открытый краевой фестивальконкурс исполнителей «ТВОЙ ШАНС(ON)культурныйлюбимыйнародный».Продолжение.;19:00;22:00;г.Барнаул,пр.Социалистический,11.;6
23. Выставочная площадка парка культуры и отдыха «Центральный»; Экскурсия «Парк Центральныйпарк с историей» (сбор группы у фонтана в парке).;20:00;20:40;г.Барнаул,пр.Социалистический,11.;6
23. Выставочная площадка парка культуры и отдыха «Центральный»; Экскурсия Данила Дегтярева «Барнаулгород трудовой доблести» (сбор группы около Дерева дружбы в парке).;20:00;20:40;г.Барнаул,пр.Социалистический,11.;6
23. Выставочная площадка парка культуры и отдыха «Центральный»; Квест «В поисках рецепта здоровья в аптекарском саду» (сбор группы у фонтана в парке).;20:00;20:40;г.Барнаул,пр.Социалистический,11.;6
23. Выставочная площадка парка культуры и отдыха «Центральный»; Уличный концерт рокгрупп «Волны»«Академия художеств».;20:00;23:00;г.Барнаул,пр.Социалистический,11.;6
23. Выставочная площадка парка культуры и отдыха «Центральный»; Посиделки у костра: лекция Данила Дегтярева «Все было НЕ так!»;21:00;22:00;г.Барнаул,пр.Социалистический,11.;6
23. Выставочная площадка парка культуры и отдыха «Центральный»; Посиделки у костра: фестиваль песен под гитару.;22:00;23:00;г.Барнаул,пр.Социалистический,11.;6
23. Выставочная площадка парка культуры и отдыха «Центральный»; Концертная программа ансамбля «Русский фреш».;22:00;23:00;г.Барнаул,пр.Социалистический,11.;6
23. Выставочная площадка парка культуры и отдыха «Центральный»; Работа парковых аттракционов.;18:00;23:00;г.Барнаул,пр.Социалистический,11.;6
23. Выставочная площадка парка культуры и отдыха «Центральный»; Работа летнего кафе «Центральный парк».;18:00;23:00;г.Барнаул,пр.Социалистический,11.;6
24. Выставочная площадка парка культуры и отдыха «Изумрудный».; Экскурсия «Летний сад Барнаула» от краеведакандидата исторических наук Данила Дегтярева (сбор у центрального входа).;16:00;17:00;г.Барнаул,пр-кт Сибирский,38 /пр-кт Комсомольский,128,парк «Изумрудный».;6
24. Выставочная площадка парка культуры и отдыха «Изумрудный».; Праздничная программа «Парк советского периода».;17:00;18:30;г.Барнаул,пр-кт Сибирский,38 /пр-кт Комсомольский,128,парк «Изумрудный».;6
24. Выставочная площадка парка культуры и отдыха «Изумрудный».; Сеанс одновременной игры в шахматы «12 стульев».;17:00;19:00;г.Барнаул,пр-кт Сибирский,38 /пр-кт Комсомольский,128,парк «Изумрудный».;6
24. Выставочная площадка парка культуры и отдыха «Изумрудный».; Выставка ретро фотографий парка «Изумрудный».;17:00;20:00;г.Барнаул,пр-кт Сибирский,38 /пр-кт Комсомольский,128,парк «Изумрудный».;6
24. Выставочная площадка парка культуры и отдыха «Изумрудный».; Экскурсия «В парк»проводит кандидат биологических наукдоцент кафедры зоологии и физиологии АлтГУ Татьяна Антоненко.;17:30;18:30;г.Барнаул,пр-кт Сибирский,38 /пр-кт Комсомольский,128,парк «Изумрудный».;6
24. Выставочная площадка парка культуры и отдыха «Изумрудный».; «Поэты и барды Барнаула: открытая эстрада» (амфитеатр).;19:00;21:00;г.Барнаул,пр-кт Сибирский,38 /пр-кт Комсомольский,128,парк «Изумрудный».;6
26. Галерея современного искусства «КОД».; Торжественное открытие Галереи современного искусства «КОД».;19:00;19:30;г.Барнаул ул.Гоголя 76,«Доходный дом Аверина»;6
26. Галерея современного искусства «КОД».; Открытие выставки «Самое главное».Современные художники.;19:30;20:00;г.Барнаул ул.Гоголя 76,«Доходный дом Аверина»;6
26. Галерея современного искусства «КОД».; Музыкальное сопровождение современной музыкой.;20:00;2:00;г.Барнаул ул.Гоголя 76,«Доходный дом Аверина»;6
26. Галерея современного искусства «КОД».; Фотозона и фотографии всем желающим.;19:00;2:00;г.Барнаул ул.Гоголя 76,«Доходный дом Аверина»;6
26. Галерея современного искусства «КОД».; Кофе и сладости от «Renoir Coffe» желающим гостям.;19:00;2:00;г.Барнаул ул.Гоголя 76,«Доходный дом Аверина»;6
26. Галерея современного искусства «КОД».; Благотворительный аукцион.;20:00;20:30;г.Барнаул ул.Гоголя 76,«Доходный дом Аверина»;6
26. Галерея современного искусства «КОД».; Выставка мастер класспродажа цветочный композиций ручной работы в современных тенденциях.;20:30;23:00;г.Барнаул ул.Гоголя 76,«Доходный дом Аверина»;6
26. Галерея современного искусства «КОД».; Экскурсия по выставочному залу каждые 30 минут.;21:00;2:00;г.Барнаул ул.Гоголя 76,«Доходный дом Аверина»;6
26. Галерея современного искусства «КОД».; Выставкамастер класс изделий из стекла.Мозаика из стекла на тему «Любимые животные». Лиза Замаева автор приоткроет секреты мастерства: покажет и расскажеткак изготавливать  элитную посуду.;22:00;23:30;г.Барнаул ул.Гоголя 76,«Доходный дом Аверина»;6
26. Галерея современного искусства «КОД».; Bodyartтворит перфоманс на модели Анна Литвинова  на тему «Чувства».;23:00;24:00:00;г.Барнаул ул.Гоголя 76,«Доходный дом Аверина»;6
26. Галерея современного искусства «КОД».; Розыгрыш призов  для всех гостей.*трансляция в telegram;24:00:00;24:15:00;г.Барнаул ул.Гоголя 76,«Доходный дом Аверина»;6
27. Музей истории Октябрьского района МБОУ «СОШ №31».; Показ документальных фильмов и презентаций в конференцзалепосвященный 77-летию Победы в Великой Отечественной войне 1941-1945 гг.;18:20;18:55;г.Барнаул,ул.Чудненко,62.;6
27. Музей истории Октябрьского района МБОУ «СОШ №31».; Показ документальных фильмов и презентаций в конференцзалепосвященный 77-летию Победы в Великой Отечественной войне 1941-1945 гг.;19:30;20:00;г.Барнаул,ул.Чудненко,62.;6
27. Музей истории Октябрьского района МБОУ «СОШ №31».; Экскурсия в музеепосвященная 85летию со дня образования Алтайского края.(Будет включать в себя историю образования Алтайского края и историю образования Октябрьского района).;19:00;19:30;г.Барнаул,ул.Чудненко,62.;6
27. Музей истории Октябрьского района МБОУ «СОШ №31».; Экскурсия в музеепосвященная 85летию со дня образования Алтайского края.(Будет включать в себя историю образования Алтайского края и историю образования Октябрьского района).;20:00;20:30;г.Барнаул,ул.Чудненко,62.;6
27. Музей истории Октябрьского района МБОУ «СОШ №31».; Проведение конкурса рисунков на асфальте и настольные игры (музейныеразработанные активистами музея)относящиеся к десятилетию детства.;18:25;20:00;г.Барнаул,ул.Чудненко,62.;6
27. Музей истории Октябрьского района МБОУ «СОШ №31».; Традиционные русские уличные игры для детей.;18:25;19:30;г.Барнаул,ул.Чудненко,62.;6
27. Музей истории Октябрьского района МБОУ «СОШ №31».; Мастерклассы по созданию кукол из нитокплетение лаптей и росписи рисунков по народным мотивам.;19:30;20:30;г.Барнаул,ул.Чудненко,62.;6
27. Музей истории Октябрьского района МБОУ «СОШ №31».; Подведение итогов.Выступления школьного творческого коллектива «Шарм».;20:30;21:00;г.Барнаул,ул.Чудненко,62.;6
28. Народный музей Боевой Славы 56 Гвардейской Смоленской Краснознаменной стрелковой дивизии  МБОУ «Гимназия № 42».; Открытие акции «Ночь музеев2022».;18:00;18:10;г.Барнаул,ул.Молодежная, 28,кв.23.;6
28. Народный музей Боевой Славы 56 Гвардейской Смоленской Краснознаменной стрелковой дивизии  МБОУ «Гимназия № 42».; Выставка военного рисунка «Между боями».;18:00;21:00;г.Барнаул,ул.Молодежная, 28,кв.23.;6
28. Народный музей Боевой Славы 56 Гвардейской Смоленской Краснознаменной стрелковой дивизии  МБОУ «Гимназия № 42».; Концертная программа творческого коллектива и группы учащихся с литературномузыкальной композицией «Дети войны»посвященная Дню Победы в Великой Отечественной войне 19411945 гг.;18:10;19:00;г.Барнаул,ул.Молодежная, 28,кв.23.;6
28. Народный музей Боевой Славы 56 Гвардейской Смоленской Краснознаменной стрелковой дивизии  МБОУ «Гимназия № 42».; Экскурсия по выставке военного рисунка «Между боями».;19:00;19:15;г.Барнаул,ул.Молодежная, 28,кв.23.;6
28. Народный музей Боевой Славы 56 Гвардейской Смоленской Краснознаменной стрелковой дивизии  МБОУ «Гимназия № 42».; Музыкальная пауза.Фортепиано.«Угадай мелодию».;19:15;19:50;г.Барнаул,ул.Молодежная, 28,кв.23.;6
28. Народный музей Боевой Славы 56 Гвардейской Смоленской Краснознаменной стрелковой дивизии  МБОУ «Гимназия № 42».; Акция.Свободный инструмент.(Баян);19:15;19:50;г.Барнаул,ул.Молодежная, 28,кв.23.;6
28. Народный музей Боевой Славы 56 Гвардейской Смоленской Краснознаменной стрелковой дивизии  МБОУ «Гимназия № 42».; Знакомство с народным музеем Боевой Славы 74/56 ГСКСД:;19:15;20:30;г.Барнаул,ул.Молодежная, 28,кв.23.;6
28. Народный музей Боевой Славы 56 Гвардейской Смоленской Краснознаменной стрелковой дивизии  МБОУ «Гимназия № 42».; Мастеркласс «Изготовление цветка гвоздики и пилоток из бумаги в стиле оригами».;19:00;19:50;г.Барнаул,ул.Молодежная, 28,кв.23.;6
28. Народный музей Боевой Славы 56 Гвардейской Смоленской Краснознаменной стрелковой дивизии  МБОУ «Гимназия № 42».; Вокальный ансамбль «ЛиберСтиль» с программой «Песни военных лет».Участники коллектива исполнят песни военных лет.Посетителям будет предложено совместно спеть песни военных лет.;19:50;20:30;г.Барнаул,ул.Молодежная, 28,кв.23.;6
28. Народный музей Боевой Славы 56 Гвардейской Смоленской Краснознаменной стрелковой дивизии  МБОУ «Гимназия № 42».; Закрытие акции «Ночь музеев2022».;20:30;20:45;г.Барнаул,ул.Молодежная, 28,кв.23.;6
29. Музей боевой славы 5-ой гвардейской стрелковой дивизии МБОУ «СОШ № 48 имени Героя Советского Союза Козина Н.Д.»; Обзорная экскурсия по экспозициям музея.;17:00;19:00;г.Барнаул,ул.Фомина 130.;6
29. Музей боевой славы 5-ой гвардейской стрелковой дивизии МБОУ «СОШ № 48 имени Героя Советского Союза Козина Н.Д.»; Кинозал «Нестор Козинсибирский богатырь».;18:30;19:00;г.Барнаул,ул.Фомина 130.;6
29. Музей боевой славы 5-ой гвардейской стрелковой дивизии МБОУ «СОШ № 48 имени Героя Советского Союза Козина Н.Д.»; Тематическая экскурсияпосвященная 102летию со дня рождения Н.Д.Козина.;19:00;20:45;г.Барнаул,ул.Фомина 130.;6
30. Музей «История культуры Алтая» МБОУ «СОШ № 55».; Торжественное открытие акции «Ночь музеев2022».;17:00;17:05;г.Барнаул,ул.Чкалова,д.68.;6
30. Музей «История культуры Алтая» МБОУ «СОШ № 55».; Выставка картин выпускника школы Югаткина Е.А.«Юбилею родной школы посвящается».Встреча с художником.Экскурсоводы музея.;17:05;17:30;г.Барнаул,ул.Чкалова,д.68.;6
30. Музей «История культуры Алтая» МБОУ «СОШ № 55».; Экскурсия по выставке «Мое пионерское детство» (Из истории пионерской дружины им.Е.М.Мамонтова школы № 55).Экскурсоводы музея.;17:35;18:00;г.Барнаул,ул.Чкалова,д.68.;6
30. Музей «История культуры Алтая» МБОУ «СОШ № 55».; Мастеркласс по чистописанию «Учимся писать перьевой ручкой».;18:05;18:15;г.Барнаул,ул.Чкалова,д.68.;6
30. Музей «История культуры Алтая» МБОУ «СОШ № 55».; Экскурсия по выставке «Школа №55: прошлое и настоящее».;18:30;19:00;г.Барнаул,ул.Чкалова,д.68.;6
30. Музей «История культуры Алтая» МБОУ «СОШ № 55».; 60летию школы посвящается: фотовыставка «Школьное детство».;18:00;20:00;г.Барнаул,ул.Чкалова,д.68.;6
30. Музей «История культуры Алтая» МБОУ «СОШ № 55».; Выставка творческих работ учащихся школы.;18:00;20:00;г.Барнаул,ул.Чкалова,д.68.;6
30. Музей «История культуры Алтая» МБОУ «СОШ № 55».; Обзорная экскурсия по музею.;19:30;20:00;г.Барнаул,ул.Чкалова,д.68.;6
31. Музей «Локальные войны ХХ века» МБОУ «СОШ № 60» имени Владимира Завьялова.; Звучание песен патриотической тематики «Наша РодинаРоссия».;16:00;17:00;г.Барнаул,ул.Советской Армии,№ 54а.;6
31. Музей «Локальные войны ХХ века» МБОУ «СОШ № 60» имени Владимира Завьялова.; Конкурс рисунков на асфальте «Я и мой мир».;16:00;17:00;г.Барнаул,ул.Советской Армии,№ 54а.;6
31. Музей «Локальные войны ХХ века» МБОУ «СОШ № 60» имени Владимира Завьялова.; Встреча и регистрация гостейработа счетной комиссии акции.;16:00;17:00;г.Барнаул,ул.Советской Армии,№ 54а.;6
31. Музей «Локальные войны ХХ века» МБОУ «СОШ № 60» имени Владимира Завьялова.; Открытие Всероссийской акции «Ночь музеев».;17:00;17:10;г.Барнаул,ул.Советской Армии,№ 54а.;6
31. Музей «Локальные войны ХХ века» МБОУ «СОШ № 60» имени Владимира Завьялова.; Обзорная экскурсия в музее школы.;17:10;17:30;г.Барнаул,ул.Советской Армии,№ 54а.;6
31. Музей «Локальные войны ХХ века» МБОУ «СОШ № 60» имени Владимира Завьялова.; Мастеркласс «В дружной семье народов России».;17:30;18:10;г.Барнаул,ул.Советской Армии,№ 54а.;6
31. Музей «Локальные войны ХХ века» МБОУ «СОШ № 60» имени Владимира Завьялова.; Конкурс чтецов  «К 100летию пионерской организации»;17:30;18:10;г.Барнаул,ул.Советской Армии,№ 54а.;6
31. Музей «Локальные войны ХХ века» МБОУ «СОШ № 60» имени Владимира Завьялова.; Выставкаобзор редкой книги «Лишь слову жизнь дана».;17:30;18:10;г.Барнаул,ул.Советской Армии,№ 54а.;6
31. Музей «Локальные войны ХХ века» МБОУ «СОШ № 60» имени Владимира Завьялова.; Открытое первенство школы по футболу.;17:30;18:10;г.Барнаул,ул.Советской Армии,№ 54а.;6
31. Музей «Локальные войны ХХ века» МБОУ «СОШ № 60» имени Владимира Завьялова.; Спортивная программа по волейболу.;17:30;18:10;г.Барнаул,ул.Советской Армии,№ 54а.;6
31. Музей «Локальные войны ХХ века» МБОУ «СОШ № 60» имени Владимира Завьялова.; Концертная программа «Пою мое Отечество».;18:10;19:00;г.Барнаул,ул.Советской Армии,№ 54а.;6
31. Музей «Локальные войны ХХ века» МБОУ «СОШ № 60» имени Владимира Завьялова.; Фотосессия «Из детства моих родителей».;17:00;18:30;г.Барнаул,ул.Советской Армии,№ 54а.;6
31. Музей «Локальные войны ХХ века» МБОУ «СОШ № 60» имени Владимира Завьялова.; Подведение итогов акции.;20:00;20:30;г.Барнаул,ул.Советской Армии,№ 54а.;6
32. Музей «История Железнодорожного района города Барнаула» МБОУ «Гимназия №80».; Экскурсии в музее:;19:00;20:30;г.Барнаул,ул.Георгия Исакова 138.;6
32. Музей «История Железнодорожного района города Барнаула» МБОУ «Гимназия №80».; «Моя история» (серия выставок и мастерклассов):;19:00;21:00;г.Барнаул,ул.Георгия Исакова 138.;6
33. Военно-исторический музей МБОУ «СОШ №84».; Открытие акции «Ночь музеев2022».;18:00;18:15;г.Барнаул,ул.50 лет СССР,10.;6
33. Военно-исторический музей МБОУ «СОШ №84».; Обзорная экскурсия в военноисторический музей 87 кавалерийской67 Красносельской стрелковой дивизии им.К.Г.Аносова.;18:15;18:45;г.Барнаул,ул.50 лет СССР,10.;6
33. Военно-исторический музей МБОУ «СОШ №84».; Мастерклассы:;18:15;18:45;г.Барнаул,ул.50 лет СССР,10.;6
33. Военно-исторический музей МБОУ «СОШ №84».; Фестиваль народных игр.;18:15;18:45;г.Барнаул,ул.50 лет СССР,10.;6
33. Военно-исторический музей МБОУ «СОШ №84».; Выставка народного творчества в библиотеке.;18:00;19:00;г.Барнаул,ул.50 лет СССР,10.;6
33. Военно-исторический музей МБОУ «СОШ №84».; Фотовыставка «Природа Алтая».;18:00;19:00;г.Барнаул,ул.50 лет СССР,10.;6
33. Военно-исторический музей МБОУ «СОШ №84».; Выставка поделок «Наши таланты».;18:00;19:00;г.Барнаул,ул.50 лет СССР,10.;6
33. Военно-исторический музей МБОУ «СОШ №84».; Игровая программа «Русское наследие.Посиделки».;19:00;19:30;г.Барнаул,ул.50 лет СССР,10.;6
33. Военно-исторический музей МБОУ «СОШ №84».; Сбор отзывов и пожеланий.;18:30;19:00;г.Барнаул,ул.50 лет СССР,10.;6
34. Музей «Истоки» МБОУ «СОШ № 114 с углубленным изучением отдельных предметов».; Выставка в школьном музее «Истоки»«Предметы русского быта».;16:00;20:00;г.Барнаул,ул.Панфиловцев,8.;6
34. Музей «Истоки» МБОУ «СОШ № 114 с углубленным изучением отдельных предметов».; Выставка в школьном музее «Истоки»«Мы за ценой не постоим».;16:00;20:00;г.Барнаул,ул.Панфиловцев,8.;6
34. Музей «Истоки» МБОУ «СОШ № 114 с углубленным изучением отдельных предметов».; Экскурсия «Мой Музеймоя гордость»обзорная экскурсия по музею.;17:00;17:30;г.Барнаул,ул.Панфиловцев,8.;6
34. Музей «Истоки» МБОУ «СОШ № 114 с углубленным изучением отдельных предметов».; Экскурсия «Фронтовые письма» (экскурсовод Дробина Полина).;18:00;18:20;г.Барнаул,ул.Панфиловцев,8.;6
34. Музей «Истоки» МБОУ «СОШ № 114 с углубленным изучением отдельных предметов».; «Похоронки времен ВОВ» (экскурсовод Гриценко Константин).;18:00;18:20;г.Барнаул,ул.Панфиловцев,8.;6
34. Музей «Истоки» МБОУ «СОШ № 114 с углубленным изучением отдельных предметов».; Презентация в музее «Устремленные в небо»Г.С.Титов.;18:30;19:00;г.Барнаул,ул.Панфиловцев,8.;6
34. Музей «Истоки» МБОУ «СОШ № 114 с углубленным изучением отдельных предметов».; «История фотоаппаратов» (экскурсовод Глазкова Алиса).;18:30;19:00;г.Барнаул,ул.Панфиловцев,8.;6
34. Музей «Истоки» МБОУ «СОШ № 114 с углубленным изучением отдельных предметов».; «Вещипобывавшие на фронте» (экскурсоводы Попова ОлесяВорона Анна).;18:30;19:00;г.Барнаул,ул.Панфиловцев,8.;6
34. Музей «Истоки» МБОУ «СОШ № 114 с углубленным изучением отдельных предметов».; «Награда нашла героев» (экскурсовод Галич Дарья).;19:00;19:20;г.Барнаул,ул.Панфиловцев,8.;6
34. Музей «Истоки» МБОУ «СОШ № 114 с углубленным изучением отдельных предметов».; Экскурсия «28 панфиловцев» (экскурсоводы Дробина ПолинаСеров Глеб).;19:30;20:00;г.Барнаул,ул.Панфиловцев,8.;6
34. Музей «Истоки» МБОУ «СОШ № 114 с углубленным изучением отдельных предметов».; Викторина «Никто не забытничто не забыто»посвящённая ВОВ (заведующая музеем Носкова Л.Г.).;20:00;20:40;г.Барнаул,ул.Панфиловцев,8.;6
34. Музей «Истоки» МБОУ «СОШ № 114 с углубленным изучением отдельных предметов».; Селфи «Мы и Ночь музеев».;20:45;21:00;г.Барнаул,ул.Панфиловцев,8.;6
35. Историко-краеведческий музей «Поиск» МБУ ДО «СОШ № 118».; Проведение школьного  конкурса  «Смотр строя и песни»учащиеся 2458 классов.;14:10;16:00;г.Барнаул,мкр.Новосиликатный, ул.Благовещенская 11.;6
35. Историко-краеведческий музей «Поиск» МБУ ДО «СОШ № 118».; Работа станций:;14:10;16:00;г.Барнаул,мкр.Новосиликатный, ул.Благовещенская 11.;6
36. Педагогический музей кукол МБДОУ ЦРР - «Детский сад №217».; Экскурсии по экспозициям музея:;18:00;20:00; г.Барнаул,ул.Партизанская ,84.;6
37. Детский этнографический музей-мастерская «Лад» МБУ ДО «ДШИ «Традиция» с.Власиха г.Барнаула.; «В хороводе были мы…»вечёрочные игры и хороводы Алтайского края (территория Детского этнографического музеямастерской «Лад»).;19:00;20:30;г.Барнаул,с.Власиха,ул.Первомайская,50.;6
38. Военно-исторический музей «История русского воинства»  МБУДО «Память» Пост №1; Свободное посещение музея с информационным сопровождением.;15:00;20:00;г.Барнаул,пл.Победы,9.;6
38. Военно-исторический музей «История русского воинства»  МБУДО «Память» Пост №1; Просмотр фильма о караульной службе на Посту №1 города Барнаула.;15:00;20:00;г.Барнаул,пл.Победы,9.;6
38. Военно-исторический музей «История русского воинства»  МБУДО «Память» Пост №1; Площадка «Народная Книга Памяти».;15:00;20:00;г.Барнаул,пл.Победы,9.;6
38. Военно-исторический музей «История русского воинства»  МБУДО «Память» Пост №1; Разборка и сборка автомата с инструкторами Центра «Память» Пост №1.;15:00;20:00;г.Барнаул,пл.Победы,9.;6
